"Sales_id","City","Customer","Gender","Category","Total","Date","Gross_income","Rating"
"1","Yangon","Member","Male","Food and beverages","123.00","2023-05-26","23.00","8.80"
"2","Yangon","Member","Female","Health and beauty","548.97","2019-01-05","26.14","9.10"
"3","Naypyitaw","Normal","Female","Electronic accessories","80.22","2019-03-08","3.82","9.60"
"4","Yangon","Normal","Male","Home and lifestyle","340.53","2019-03-03","16.22","7.40"
"5","Yangon","Member","Male","Health and beauty","489.05","2019-01-27","23.29","8.40"
"6","Yangon","Normal","Male","Sports and travel","634.38","2019-02-08","30.21","5.30"
"7","Naypyitaw","Normal","Male","Electronic accessories","627.62","2019-03-25","29.89","4.10"
"8","Yangon","Member","Female","Electronic accessories","433.69","2019-02-25","20.65","5.80"
"9","Naypyitaw","Normal","Female","Home and lifestyle","772.38","2019-02-24","36.78","8.00"
"10","Yangon","Member","Female","Health and beauty","76.15","2019-01-10","3.63","7.20"
"11","Mandalay","Member","Female","Food and beverages","172.75","2019-02-20","8.23","5.90"
"12","Mandalay","Member","Female","Fashion accessories","60.82","2019-02-06","2.90","4.50"
"13","Mandalay","Member","Male","Electronic accessories","107.14","2019-03-09","5.10","6.80"
"14","Yangon","Normal","Female","Electronic accessories","246.49","2019-02-12","11.74","7.10"
"15","Yangon","Normal","Male","Food and beverages","453.50","2019-02-07","21.60","8.20"
"16","Yangon","Normal","Female","Health and beauty","749.49","2019-03-29","35.69","5.70"
"17","Mandalay","Member","Female","Sports and travel","590.44","2019-01-15","28.12","4.50"
"18","Yangon","Member","Female","Health and beauty","506.64","2019-03-11","24.13","4.60"
"19","Yangon","Normal","Male","Sports and travel","457.44","2019-01-01","21.78","6.90"
"20","Yangon","Normal","Male","Food and beverages","172.21","2019-01-21","8.20","8.60"
"21","Mandalay","Normal","Female","Home and lifestyle","84.63","2019-03-11","4.03","4.40"
"22","Naypyitaw","Member","Male","Electronic accessories","451.71","2019-02-25","21.51","4.80"
"23","Mandalay","Normal","Male","Health and beauty","277.14","2019-03-05","13.20","5.10"
"24","Mandalay","Normal","Male","Home and lifestyle","69.72","2019-03-15","3.32","4.40"
"25","Yangon","Normal","Male","Electronic accessories","181.44","2019-02-17","8.64","9.90"
"26","Yangon","Member","Male","Sports and travel","279.18","2019-03-02","13.29","6.00"
"27","Yangon","Member","Female","Home and lifestyle","441.76","2019-03-22","21.04","8.50"
"28","Mandalay","Normal","Male","Fashion accessories","35.20","2019-02-08","1.68","6.70"
"29","Yangon","Normal","Female","Fashion accessories","184.11","2019-03-10","8.77","7.70"
"30","Mandalay","Normal","Female","Food and beverages","463.89","2019-01-25","22.09","9.60"
"31","Yangon","Normal","Male","Health and beauty","235.21","2019-03-15","11.20","7.40"
"32","Mandalay","Normal","Male","Fashion accessories","494.18","2019-02-25","23.53","4.80"
"33","Mandalay","Member","Male","Sports and travel","737.76","2019-01-28","35.13","4.50"
"34","Mandalay","Normal","Male","Sports and travel","703.75","2019-01-10","33.51","5.10"
"35","Yangon","Normal","Male","Health and beauty","202.82","2019-03-15","9.66","5.10"
"36","Naypyitaw","Member","Female","Food and beverages","417.56","2019-02-06","19.88","7.50"
"37","Naypyitaw","Member","Female","Sports and travel","71.53","2019-01-07","3.41","6.80"
"38","Yangon","Member","Male","Sports and travel","328.76","2019-03-10","15.66","7.00"
"39","Yangon","Normal","Female","Electronic accessories","575.32","2019-01-15","27.40","4.70"
"40","Naypyitaw","Normal","Female","Health and beauty","461.33","2019-03-23","21.97","7.60"
"41","Mandalay","Member","Male","Home and lifestyle","253.01","2019-03-03","12.05","7.70"
"42","Mandalay","Member","Female","Home and lifestyle","91.06","2019-01-17","4.34","7.90"
"43","Naypyitaw","Member","Male","Home and lifestyle","117.83","2019-02-02","5.61","6.30"
"44","Mandalay","Member","Female","Sports and travel","435.46","2019-02-08","20.74","5.60"
"45","Naypyitaw","Member","Female","Food and beverages","829.08","2019-03-04","39.48","7.60"
"46","Naypyitaw","Member","Male","Health and beauty","32.28","2019-03-16","1.54","7.20"
"47","Mandalay","Member","Female","Electronic accessories","394.63","2019-03-09","18.79","9.50"
"48","Mandalay","Member","Male","Health and beauty","535.72","2019-02-27","25.51","8.40"
"49","Mandalay","Member","Female","Food and beverages","189.09","2019-02-06","9.00","4.10"
"50","Mandalay","Member","Male","Electronic accessories","119.26","2019-02-10","5.68","8.10"
"51","Naypyitaw","Member","Female","Fashion accessories","867.62","2019-03-19","41.32","7.90"
"52","Naypyitaw","Member","Male","Food and beverages","671.79","2019-02-03","31.99","9.50"
"53","Yangon","Member","Female","Food and beverages","234.10","2019-02-10","11.15","8.50"
"54","Mandalay","Member","Female","Fashion accessories","75.05","2019-03-22","3.57","6.50"
"55","Naypyitaw","Member","Male","Fashion accessories","16.20","2019-01-25","0.77","6.10"
"56","Mandalay","Normal","Male","Home and lifestyle","33.94","2019-03-07","1.62","6.50"
"57","Naypyitaw","Normal","Female","Electronic accessories","722.23","2019-02-28","34.39","8.20"
"58","Yangon","Member","Male","Home and lifestyle","93.11","2019-03-27","4.43","5.80"
"59","Yangon","Normal","Male","Health and beauty","752.64","2019-02-07","35.84","6.60"
"60","Yangon","Member","Female","Home and lifestyle","759.68","2019-01-20","36.18","5.40"
"61","Naypyitaw","Normal","Male","Electronic accessories","192.84","2019-03-12","9.18","9.30"
"62","Naypyitaw","Member","Female","Sports and travel","77.93","2019-02-15","3.71","10.00"
"63","Naypyitaw","Normal","Male","Home and lifestyle","351.10","2019-02-24","16.72","7.00"
"64","Mandalay","Member","Female","Sports and travel","520.41","2019-02-03","24.78","10.00"
"65","Yangon","Member","Male","Sports and travel","166.01","2019-03-06","7.91","8.60"
"66","Mandalay","Member","Male","Health and beauty","318.11","2019-02-14","15.15","7.60"
"67","Yangon","Member","Male","Health and beauty","166.64","2019-03-13","7.94","5.80"
"68","Naypyitaw","Normal","Female","Health and beauty","70.29","2019-02-10","3.35","6.70"
"69","Mandalay","Member","Female","Fashion accessories","614.94","2019-01-07","29.28","9.90"
"70","Yangon","Normal","Male","Sports and travel","827.09","2019-01-24","39.39","6.40"
"71","Yangon","Member","Female","Health and beauty","19.25","2019-02-02","0.92","4.30"
"72","Naypyitaw","Normal","Male","Food and beverages","939.54","2019-01-06","44.74","9.60"
"73","Naypyitaw","Normal","Male","Fashion accessories","652.26","2019-02-11","31.06","5.90"
"74","Mandalay","Member","Female","Food and beverages","152.84","2019-03-05","7.28","4.00"
"75","Naypyitaw","Normal","Female","Electronic accessories","478.23","2019-03-09","22.77","8.70"
"76","Yangon","Normal","Male","Home and lifestyle","705.63","2019-01-22","33.60","9.40"
"77","Naypyitaw","Normal","Female","Electronic accessories","437.33","2019-01-13","20.83","5.40"
"78","Naypyitaw","Member","Male","Fashion accessories","463.43","2019-01-09","22.07","8.60"
"79","Yangon","Member","Female","Fashion accessories","189.09","2019-01-12","9.00","5.70"
"80","Naypyitaw","Member","Female","Food and beverages","822.26","2019-03-05","39.16","6.60"
"81","Naypyitaw","Normal","Female","Health and beauty","107.00","2019-01-22","5.10","6.00"
"82","Naypyitaw","Normal","Female","Health and beauty","624.90","2019-01-21","29.76","5.50"
"83","Mandalay","Normal","Female","Food and beverages","304.54","2019-01-26","14.50","6.40"
"84","Naypyitaw","Normal","Male","Food and beverages","161.70","2019-01-23","7.70","6.60"
"85","Naypyitaw","Member","Female","Food and beverages","337.51","2019-02-23","16.07","8.30"
"86","Naypyitaw","Member","Male","Sports and travel","256.78","2019-03-09","12.23","6.60"
"87","Naypyitaw","Normal","Female","Sports and travel","610.49","2019-03-05","29.07","4.00"
"88","Naypyitaw","Normal","Male","Fashion accessories","401.73","2019-03-25","19.13","9.90"
"89","Yangon","Member","Male","Food and beverages","362.94","2019-03-27","17.28","7.30"
"90","Yangon","Normal","Male","Sports and travel","44.59","2019-01-02","2.12","5.70"
"91","Mandalay","Normal","Female","Health and beauty","485.04","2019-02-27","23.10","6.10"
"92","Naypyitaw","Member","Female","Home and lifestyle","199.00","2019-01-23","9.48","7.10"
"93","Naypyitaw","Normal","Female","Sports and travel","471.03","2019-01-26","22.43","8.20"
"94","Yangon","Member","Female","Sports and travel","161.55","2019-01-10","7.69","5.10"
"95","Mandalay","Member","Male","Health and beauty","608.20","2019-03-12","28.96","8.60"
"96","Naypyitaw","Normal","Male","Health and beauty","94.24","2019-02-06","4.49","6.60"
"97","Yangon","Normal","Male","Electronic accessories","102.02","2019-03-08","4.86","7.20"
"98","Mandalay","Normal","Male","Health and beauty","922.64","2019-03-29","43.94","5.10"
"99","Naypyitaw","Normal","Female","Electronic accessories","78.44","2019-02-09","3.74","4.10"
"100","Yangon","Normal","Male","Food and beverages","166.16","2019-03-23","7.91","9.30"
"101","Mandalay","Normal","Male","Home and lifestyle","521.01","2019-03-05","24.81","7.40"
"102","Naypyitaw","Member","Male","Fashion accessories","51.15","2019-03-26","2.44","4.10"
"103","Naypyitaw","Normal","Male","Fashion accessories","742.30","2019-03-01","35.35","7.20"
"104","Naypyitaw","Normal","Female","Electronic accessories","218.01","2019-02-01","10.38","4.90"
"105","Yangon","Normal","Male","Food and beverages","367.04","2019-03-28","17.48","9.90"
"106","Mandalay","Normal","Male","Health and beauty","223.07","2019-03-19","10.62","8.00"
"107","Yangon","Member","Male","Electronic accessories","931.04","2019-01-12","44.34","7.30"
"108","Naypyitaw","Normal","Male","Fashion accessories","172.49","2019-01-05","8.21","7.90"
"109","Yangon","Normal","Male","Sports and travel","391.42","2019-03-22","18.64","7.40"
"110","Naypyitaw","Normal","Female","Food and beverages","321.11","2019-03-24","15.29","4.20"
"111","Naypyitaw","Member","Male","Electronic accessories","860.69","2019-03-03","40.99","9.20"
"112","Mandalay","Member","Female","Sports and travel","34.63","2019-02-05","1.65","4.60"
"113","Naypyitaw","Member","Female","Health and beauty","309.36","2019-02-05","14.73","7.80"
"114","Mandalay","Normal","Female","Fashion accessories","535.37","2019-02-15","25.49","8.40"
"115","Yangon","Member","Male","Home and lifestyle","548.76","2019-01-19","26.13","4.30"
"116","Naypyitaw","Member","Female","Home and lifestyle","763.47","2019-02-01","36.36","9.50"
"117","Naypyitaw","Normal","Female","Fashion accessories","85.11","2019-03-02","4.05","7.10"
"118","Mandalay","Member","Male","Fashion accessories","115.19","2019-03-05","5.49","5.30"
"119","Mandalay","Member","Male","Fashion accessories","53.93","2019-01-16","2.57","5.20"
"120","Yangon","Normal","Female","Food and beverages","115.08","2019-02-02","5.48","6.00"
"121","Mandalay","Normal","Male","Home and lifestyle","112.22","2019-01-20","5.34","4.10"
"122","Yangon","Normal","Female","Electronic accessories","836.30","2019-02-14","39.82","5.20"
"123","Naypyitaw","Member","Male","Sports and travel","419.83","2019-01-12","19.99","6.50"
"124","Mandalay","Member","Male","Sports and travel","944.62","2019-03-09","44.98","4.20"
"125","Naypyitaw","Member","Male","Home and lifestyle","536.84","2019-03-13","25.56","4.60"
"126","Mandalay","Member","Female","Fashion accessories","474.35","2019-03-09","22.59","7.30"
"127","Yangon","Normal","Female","Home and lifestyle","688.62","2019-03-10","32.79","4.50"
"128","Yangon","Normal","Female","Sports and travel","169.31","2019-01-27","8.06","9.00"
"129","Naypyitaw","Normal","Female","Fashion accessories","299.85","2019-01-08","14.28","5.90"
"130","Naypyitaw","Member","Female","Food and beverages","575.74","2019-01-08","27.42","8.50"
"131","Mandalay","Normal","Female","Sports and travel","853.15","2019-02-08","40.63","7.20"
"132","Mandalay","Normal","Female","Fashion accessories","291.21","2019-01-25","13.87","7.50"
"133","Yangon","Member","Female","Sports and travel","580.42","2019-03-06","27.64","8.30"
"134","Mandalay","Normal","Female","Sports and travel","146.33","2019-02-10","6.97","7.40"
"135","Mandalay","Member","Male","Electronic accessories","550.94","2019-02-17","26.24","8.80"
"136","Naypyitaw","Normal","Female","Health and beauty","512.19","2019-03-08","24.39","5.30"
"137","Naypyitaw","Normal","Male","Fashion accessories","284.19","2019-02-18","13.53","6.20"
"138","Yangon","Normal","Female","Electronic accessories","138.13","2019-01-18","6.58","8.80"
"139","Yangon","Member","Female","Home and lifestyle","216.85","2019-02-18","10.33","9.80"
"140","Mandalay","Normal","Male","Sports and travel","545.06","2019-02-16","25.96","8.20"
"141","Yangon","Normal","Male","Sports and travel","609.00","2019-03-16","29.00","9.20"
"142","Naypyitaw","Member","Female","Sports and travel","942.90","2019-01-23","44.90","5.40"
"143","Naypyitaw","Member","Male","Health and beauty","950.25","2019-01-25","45.25","8.10"
"144","Naypyitaw","Member","Female","Health and beauty","720.30","2019-02-05","34.30","9.10"
"145","Naypyitaw","Member","Female","Food and beverages","31.93","2019-02-22","1.52","8.40"
"146","Yangon","Normal","Female","Home and lifestyle","491.09","2019-01-21","23.39","8.00"
"147","Naypyitaw","Normal","Female","Health and beauty","291.44","2019-03-08","13.88","9.50"
"148","Yangon","Member","Female","Fashion accessories","316.47","2019-02-10","15.07","9.20"
"149","Naypyitaw","Normal","Male","Health and beauty","277.79","2019-03-19","13.23","5.60"
"150","Mandalay","Member","Male","Home and lifestyle","603.62","2019-03-06","28.74","6.20"
"151","Yangon","Normal","Male","Health and beauty","272.66","2019-03-27","12.98","4.90"
"152","Mandalay","Member","Female","Fashion accessories","384.47","2019-03-23","18.31","4.80"
"153","Naypyitaw","Member","Male","Sports and travel","254.02","2019-03-11","12.10","7.30"
"154","Yangon","Normal","Male","Fashion accessories","786.62","2019-01-29","37.46","7.40"
"155","Naypyitaw","Normal","Female","Food and beverages","103.82","2019-02-07","4.94","9.90"
"156","Naypyitaw","Normal","Female","Sports and travel","680.15","2019-01-28","32.39","9.30"
"157","Yangon","Member","Male","Food and beverages","484.52","2019-02-20","23.07","9.00"
"158","Mandalay","Member","Male","Electronic accessories","75.78","2019-01-04","3.61","6.10"
"159","Mandalay","Normal","Male","Home and lifestyle","263.97","2019-03-07","12.57","9.70"
"160","Mandalay","Member","Male","Health and beauty","918.73","2019-03-30","43.75","6.00"
"161","Mandalay","Normal","Male","Sports and travel","588.36","2019-03-27","28.02","10.00"
"162","Naypyitaw","Normal","Female","Food and beverages","362.71","2019-01-19","17.27","8.30"
"163","Yangon","Normal","Male","Sports and travel","66.87","2019-02-25","3.18","6.00"
"164","Yangon","Normal","Male","Food and beverages","336.56","2019-03-13","16.03","7.00"
"165","Naypyitaw","Normal","Male","Sports and travel","160.44","2019-01-30","7.64","6.50"
"166","Mandalay","Normal","Male","Food and beverages","418.95","2019-02-20","19.95","5.90"
"167","Mandalay","Member","Male","Health and beauty","357.59","2019-02-25","17.03","5.60"
"168","Naypyitaw","Normal","Male","Home and lifestyle","1003.50","2019-01-16","47.79","4.80"
"169","Yangon","Normal","Male","Fashion accessories","1039.20","2019-02-08","49.49","8.70"
"170","Yangon","Normal","Male","Food and beverages","323.06","2019-01-19","15.38","6.50"
"171","Yangon","Member","Male","Sports and travel","510.97","2019-02-01","24.33","8.50"
"172","Yangon","Normal","Male","Health and beauty","367.55","2019-01-03","17.50","5.50"
"173","Mandalay","Member","Male","Food and beverages","420.26","2019-01-26","20.01","9.40"
"174","Naypyitaw","Normal","Male","Electronic accessories","175.14","2019-03-03","8.34","6.30"
"175","Mandalay","Member","Male","Electronic accessories","333.21","2019-01-19","15.87","9.80"
"176","Mandalay","Normal","Male","Food and beverages","166.24","2019-01-18","7.92","8.70"
"177","Yangon","Member","Male","Home and lifestyle","319.79","2019-03-21","15.23","8.80"
"178","Yangon","Member","Male","Food and beverages","186.23","2019-03-03","8.87","9.60"
"179","Naypyitaw","Normal","Female","Fashion accessories","165.45","2019-02-13","7.88","4.80"
"180","Yangon","Normal","Male","Food and beverages","465.44","2019-03-23","22.16","4.40"
"181","Naypyitaw","Member","Male","Health and beauty","273.42","2019-01-28","13.02","9.90"
"182","Naypyitaw","Normal","Male","Fashion accessories","472.31","2019-02-09","22.49","5.70"
"183","Naypyitaw","Member","Male","Food and beverages","323.15","2019-01-23","15.39","7.70"
"184","Yangon","Member","Male","Sports and travel","162.75","2019-03-23","7.75","8.00"
"185","Naypyitaw","Normal","Male","Health and beauty","288.20","2019-01-25","13.72","5.70"
"186","Yangon","Normal","Female","Sports and travel","90.70","2019-03-04","4.32","6.70"
"187","Mandalay","Member","Male","Food and beverages","56.95","2019-03-05","2.71","8.00"
"188","Mandalay","Member","Female","Home and lifestyle","793.72","2019-03-03","37.80","7.50"
"189","Mandalay","Member","Male","Home and lifestyle","195.17","2019-02-08","9.29","7.00"
"190","Yangon","Normal","Male","Home and lifestyle","77.77","2019-02-10","3.70","9.90"
"191","Naypyitaw","Normal","Female","Home and lifestyle","293.20","2019-01-28","13.96","5.90"
"192","Mandalay","Normal","Female","Home and lifestyle","242.68","2019-02-11","11.56","7.20"
"193","Mandalay","Normal","Female","Fashion accessories","154.39","2019-01-15","7.35","4.60"
"194","Naypyitaw","Normal","Female","Food and beverages","829.71","2019-03-16","39.51","9.20"
"195","Mandalay","Normal","Male","Home and lifestyle","107.31","2019-01-26","5.11","5.70"
"196","Yangon","Normal","Male","Electronic accessories","171.73","2019-03-19","8.18","9.90"
"197","Naypyitaw","Member","Female","Fashion accessories","78.00","2019-01-13","3.71","5.00"
"198","Naypyitaw","Member","Male","Health and beauty","91.77","2019-03-26","4.37","4.90"
"199","Yangon","Normal","Female","Home and lifestyle","26.55","2019-03-23","1.26","6.10"
"200","Naypyitaw","Normal","Male","Health and beauty","174.30","2019-03-12","8.30","8.20"
"201","Naypyitaw","Member","Female","Food and beverages","374.80","2019-02-17","17.85","5.50"
"202","Naypyitaw","Member","Female","Sports and travel","120.65","2019-01-29","5.75","6.80"
"203","Mandalay","Member","Female","Electronic accessories","241.46","2019-03-15","11.50","6.60"
"204","Naypyitaw","Normal","Male","Electronic accessories","451.36","2019-01-14","21.49","9.80"
"205","Mandalay","Member","Male","Health and beauty","271.95","2019-02-06","12.95","8.70"
"206","Mandalay","Member","Male","Home and lifestyle","93.29","2019-02-15","4.44","5.40"
"207","Yangon","Normal","Female","Health and beauty","217.63","2019-01-03","10.36","7.90"
"208","Naypyitaw","Member","Female","Electronic accessories","629.84","2019-01-04","29.99","9.70"
"209","Naypyitaw","Member","Female","Home and lifestyle","299.57","2019-03-18","14.27","7.80"
"210","Mandalay","Normal","Female","Fashion accessories","95.67","2019-03-28","4.56","5.10"
"211","Mandalay","Normal","Female","Electronic accessories","942.45","2019-03-02","44.88","6.50"
"212","Yangon","Normal","Male","Electronic accessories","247.87","2019-01-25","11.80","5.90"
"213","Naypyitaw","Normal","Female","Food and beverages","881.31","2019-01-16","41.97","8.80"
"214","Mandalay","Normal","Male","Home and lifestyle","484.89","2019-03-20","23.09","4.90"
"215","Mandalay","Normal","Male","Sports and travel","146.22","2019-01-04","6.96","4.40"
"216","Mandalay","Member","Female","Sports and travel","217.63","2019-03-11","10.36","6.50"
"217","Yangon","Normal","Male","Home and lifestyle","19.19","2019-03-22","0.91","8.30"
"218","Mandalay","Normal","Female","Sports and travel","130.04","2019-03-24","6.19","8.50"
"219","Yangon","Member","Female","Electronic accessories","298.12","2019-02-21","14.20","5.50"
"220","Mandalay","Normal","Male","Fashion accessories","796.91","2019-02-12","37.95","8.70"
"221","Mandalay","Normal","Female","Food and beverages","180.62","2019-03-10","8.60","7.90"
"222","Mandalay","Normal","Male","Electronic accessories","285.71","2019-01-31","13.61","6.10"
"223","Mandalay","Normal","Male","Food and beverages","456.29","2019-03-06","21.73","5.40"
"224","Naypyitaw","Normal","Male","Electronic accessories","62.00","2019-02-17","2.95","9.40"
"225","Naypyitaw","Member","Female","Fashion accessories","13.17","2019-02-21","0.63","8.20"
"226","Yangon","Normal","Male","Food and beverages","90.83","2019-03-20","4.33","6.20"
"227","Naypyitaw","Member","Female","Sports and travel","183.04","2019-01-11","8.72","9.70"
"228","Mandalay","Member","Male","Health and beauty","655.55","2019-01-26","31.22","4.00"
"229","Naypyitaw","Member","Male","Electronic accessories","155.65","2019-01-31","7.41","9.70"
"230","Mandalay","Member","Female","Electronic accessories","571.41","2019-02-26","27.21","5.30"
"231","Yangon","Normal","Female","Home and lifestyle","532.73","2019-03-11","25.37","7.40"
"232","Mandalay","Normal","Female","Fashion accessories","170.88","2019-01-26","8.14","6.50"
"233","Mandalay","Member","Female","Electronic accessories","33.36","2019-03-12","1.59","8.70"
"234","Mandalay","Normal","Female","Health and beauty","794.65","2019-02-11","37.84","8.00"
"235","Mandalay","Member","Male","Fashion accessories","310.04","2019-02-21","14.76","6.70"
"236","Yangon","Member","Male","Health and beauty","545.37","2019-03-09","25.97","6.50"
"237","Yangon","Normal","Female","Sports and travel","195.59","2019-01-20","9.31","4.10"
"238","Naypyitaw","Normal","Male","Health and beauty","91.40","2019-01-28","4.35","4.90"
"239","Naypyitaw","Member","Female","Fashion accessories","232.16","2019-03-05","11.06","8.60"
"240","Mandalay","Member","Female","Electronic accessories","69.41","2019-03-02","3.31","4.30"
"241","Yangon","Normal","Male","Fashion accessories","94.17","2019-01-11","4.48","4.90"
"242","Yangon","Normal","Male","Food and beverages","235.68","2019-01-11","11.22","5.60"
"243","Yangon","Normal","Male","Health and beauty","125.52","2019-03-11","5.98","5.80"
"244","Naypyitaw","Member","Male","Fashion accessories","195.72","2019-02-28","9.32","6.00"
"245","Yangon","Member","Male","Home and lifestyle","263.13","2019-01-05","12.53","4.20"
"246","Mandalay","Normal","Male","Home and lifestyle","788.51","2019-02-02","37.55","8.30"
"247","Yangon","Member","Male","Home and lifestyle","399.76","2019-01-01","19.04","5.70"
"248","Mandalay","Member","Female","Electronic accessories","256.41","2019-02-09","12.21","4.80"
"249","Yangon","Member","Male","Fashion accessories","94.19","2019-01-23","4.49","6.80"
"250","Yangon","Member","Male","Electronic accessories","326.42","2019-01-07","15.54","8.80"
"251","Mandalay","Normal","Male","Food and beverages","536.99","2019-01-14","25.57","4.20"
"252","Mandalay","Member","Male","Food and beverages","439.90","2019-02-02","20.95","6.40"
"253","Naypyitaw","Member","Male","Fashion accessories","369.50","2019-03-17","17.60","8.40"
"254","Naypyitaw","Normal","Female","Sports and travel","30.22","2019-03-02","1.44","7.20"
"255","Yangon","Normal","Male","Home and lifestyle","99.75","2019-03-16","4.75","5.20"
"256","Yangon","Member","Male","Home and lifestyle","494.76","2019-01-06","23.56","8.90"
"257","Mandalay","Member","Male","Fashion accessories","137.00","2019-01-29","6.52","9.00"
"258","Yangon","Member","Male","Electronic accessories","69.67","2019-01-31","3.32","9.70"
"259","Yangon","Member","Male","Home and lifestyle","163.23","2019-02-05","7.77","8.70"
"260","Yangon","Member","Male","Electronic accessories","135.45","2019-02-13","6.45","6.50"
"261","Naypyitaw","Member","Male","Electronic accessories","276.95","2019-02-07","13.19","6.90"
"262","Yangon","Normal","Female","Electronic accessories","709.32","2019-03-19","33.78","6.20"
"263","Naypyitaw","Normal","Female","Fashion accessories","69.09","2019-03-07","3.29","5.60"
"264","Mandalay","Member","Female","Fashion accessories","160.86","2019-03-13","7.66","5.70"
"265","Yangon","Member","Female","Sports and travel","233.52","2019-02-09","11.12","4.20"
"266","Mandalay","Normal","Male","Sports and travel","57.17","2019-02-26","2.72","7.90"
"267","Yangon","Member","Female","Sports and travel","723.24","2019-03-12","34.44","8.70"
"268","Naypyitaw","Normal","Male","Home and lifestyle","148.97","2019-03-14","7.09","6.90"
"269","Mandalay","Member","Female","Food and beverages","783.30","2019-01-08","37.30","9.50"
"270","Yangon","Member","Male","Home and lifestyle","297.11","2019-01-05","14.15","4.40"
"271","Yangon","Member","Female","Home and lifestyle","373.17","2019-01-04","17.77","7.00"
"272","Mandalay","Normal","Female","Sports and travel","354.01","2019-03-06","16.86","6.30"
"273","Naypyitaw","Member","Female","Health and beauty","44.35","2019-01-03","2.11","9.70"
"274","Yangon","Member","Female","Home and lifestyle","203.55","2019-01-07","9.69","8.80"
"275","Yangon","Normal","Female","Home and lifestyle","25.26","2019-01-27","1.20","5.10"
"276","Mandalay","Normal","Female","Health and beauty","628.17","2019-02-26","29.91","7.90"
"277","Mandalay","Normal","Male","Fashion accessories","352.58","2019-01-07","16.79","6.20"
"278","Naypyitaw","Member","Female","Home and lifestyle","229.11","2019-01-07","10.91","7.10"
"279","Naypyitaw","Normal","Female","Fashion accessories","400.76","2019-02-02","19.08","6.40"
"280","Naypyitaw","Member","Male","Fashion accessories","745.40","2019-03-20","35.50","5.70"
"281","Yangon","Member","Male","Sports and travel","462.21","2019-03-20","22.01","9.60"
"282","Yangon","Normal","Female","Home and lifestyle","587.66","2019-02-15","27.98","6.40"
"283","Naypyitaw","Normal","Male","Home and lifestyle","38.85","2019-03-06","1.85","7.90"
"284","Yangon","Normal","Female","Sports and travel","16.11","2019-01-06","0.77","6.50"
"285","Yangon","Member","Male","Health and beauty","628.93","2019-03-04","29.95","8.50"
"286","Yangon","Member","Female","Health and beauty","200.21","2019-03-12","9.53","9.10"
"287","Mandalay","Normal","Male","Health and beauty","350.07","2019-02-20","16.67","7.60"
"288","Naypyitaw","Member","Male","Home and lifestyle","78.60","2019-03-24","3.74","6.90"
"289","Naypyitaw","Normal","Female","Sports and travel","224.44","2019-01-31","10.69","9.50"
"290","Mandalay","Normal","Female","Food and beverages","356.55","2019-01-25","16.98","5.20"
"291","Yangon","Member","Female","Home and lifestyle","697.37","2019-02-03","33.21","4.20"
"292","Mandalay","Member","Male","Electronic accessories","423.15","2019-01-24","20.15","7.00"
"293","Naypyitaw","Normal","Male","Electronic accessories","204.70","2019-03-14","9.75","6.00"
"294","Yangon","Member","Female","Electronic accessories","65.60","2019-02-18","3.12","4.70"
"295","Yangon","Member","Female","Food and beverages","76.36","2019-01-21","3.64","7.10"
"296","Mandalay","Normal","Male","Health and beauty","190.16","2019-03-13","9.06","5.90"
"297","Naypyitaw","Member","Female","Electronic accessories","272.58","2019-03-03","12.98","7.50"
"298","Naypyitaw","Normal","Male","Electronic accessories","121.13","2019-03-29","5.77","6.40"
"299","Yangon","Member","Male","Home and lifestyle","493.79","2019-01-10","23.51","5.80"
"300","Yangon","Member","Male","Home and lifestyle","252.04","2019-01-25","12.00","4.50"
"301","Naypyitaw","Member","Female","Home and lifestyle","93.04","2019-01-19","4.43","7.70"
"302","Naypyitaw","Normal","Male","Fashion accessories","209.62","2019-01-02","9.98","6.70"
"303","Mandalay","Member","Male","Health and beauty","40.96","2019-03-12","1.95","4.70"
"304","Naypyitaw","Normal","Male","Food and beverages","51.04","2019-02-25","2.43","4.40"
"305","Yangon","Normal","Female","Electronic accessories","215.00","2019-03-18","10.24","4.70"
"306","Mandalay","Normal","Female","Electronic accessories","125.66","2019-02-23","5.98","8.60"
"307","Yangon","Member","Male","Electronic accessories","530.67","2019-03-26","25.27","4.30"
"308","Yangon","Normal","Female","Sports and travel","295.69","2019-03-30","14.08","9.60"
"309","Yangon","Member","Female","Home and lifestyle","745.84","2019-02-17","35.52","4.10"
"310","Yangon","Member","Female","Electronic accessories","83.41","2019-03-21","3.97","4.70"
"311","Yangon","Normal","Female","Fashion accessories","172.01","2019-03-05","8.19","7.80"
"312","Mandalay","Member","Male","Sports and travel","503.56","2019-01-31","23.98","5.50"
"313","Naypyitaw","Member","Male","Fashion accessories","145.59","2019-02-05","6.93","9.70"
"314","Yangon","Member","Female","Food and beverages","74.71","2019-02-01","3.56","4.40"
"315","Yangon","Member","Female","Health and beauty","146.95","2019-03-07","7.00","5.00"
"316","Naypyitaw","Member","Female","Electronic accessories","820.37","2019-02-10","39.07","4.40"
"317","Naypyitaw","Member","Male","Food and beverages","208.68","2019-02-14","9.94","5.20"
"318","Naypyitaw","Member","Female","Food and beverages","66.40","2019-02-09","3.16","7.30"
"319","Naypyitaw","Member","Male","Electronic accessories","392.65","2019-01-10","18.70","4.90"
"320","Naypyitaw","Member","Female","Health and beauty","218.07","2019-03-11","10.38","8.10"
"321","Naypyitaw","Member","Male","Health and beauty","185.09","2019-02-18","8.81","8.40"
"322","Naypyitaw","Normal","Female","Food and beverages","216.69","2019-02-26","10.32","5.50"
"323","Naypyitaw","Normal","Female","Health and beauty","41.39","2019-01-18","1.97","8.40"
"324","Yangon","Normal","Male","Health and beauty","96.14","2019-02-15","4.58","9.80"
"325","Yangon","Normal","Female","Fashion accessories","324.29","2019-03-08","15.44","6.70"
"326","Yangon","Normal","Male","Home and lifestyle","135.58","2019-01-17","6.46","9.40"
"327","Mandalay","Normal","Male","Sports and travel","410.51","2019-03-12","19.55","6.40"
"328","Yangon","Member","Male","Food and beverages","523.85","2019-03-09","24.95","5.40"
"329","Naypyitaw","Member","Male","Food and beverages","395.89","2019-03-12","18.85","8.60"
"330","Mandalay","Member","Male","Health and beauty","214.75","2019-01-25","10.23","4.00"
"331","Yangon","Member","Male","Electronic accessories","152.71","2019-03-25","7.27","7.60"
"332","Mandalay","Normal","Male","Home and lifestyle","208.09","2019-02-07","9.91","6.80"
"333","Yangon","Normal","Male","Food and beverages","103.64","2019-02-17","4.94","9.10"
"334","Yangon","Normal","Male","Fashion accessories","404.36","2019-02-03","19.26","5.50"
"335","Yangon","Member","Male","Food and beverages","49.31","2019-03-14","2.35","7.90"
"336","Naypyitaw","Member","Male","Sports and travel","77.18","2019-03-24","3.68","8.50"
"337","Yangon","Member","Female","Electronic accessories","149.36","2019-03-21","7.11","9.10"
"338","Yangon","Normal","Male","Fashion accessories","721.98","2019-03-19","34.38","7.50"
"339","Mandalay","Normal","Female","Sports and travel","365.09","2019-02-24","17.39","5.20"
"340","Naypyitaw","Normal","Female","Electronic accessories","150.10","2019-03-28","7.15","9.50"
"341","Mandalay","Member","Female","Food and beverages","404.65","2019-02-05","19.27","8.90"
"342","Mandalay","Member","Male","Electronic accessories","151.48","2019-02-10","7.21","7.80"
"343","Mandalay","Member","Female","Health and beauty","411.38","2019-03-05","19.59","8.90"
"344","Mandalay","Member","Female","Health and beauty","565.22","2019-02-15","26.92","7.70"
"345","Naypyitaw","Normal","Female","Food and beverages","509.41","2019-01-30","24.26","9.30"
"346","Yangon","Normal","Male","Sports and travel","140.65","2019-02-14","6.70","6.20"
"347","Yangon","Normal","Female","Fashion accessories","736.44","2019-02-27","35.07","7.60"
"348","Yangon","Member","Male","Electronic accessories","75.55","2019-02-04","3.60","7.30"
"349","Naypyitaw","Member","Female","Home and lifestyle","749.70","2019-01-20","35.70","4.70"
"350","Yangon","Normal","Male","Electronic accessories","191.25","2019-03-28","9.11","5.10"
"351","Mandalay","Normal","Female","Health and beauty","141.75","2019-02-27","6.75","4.80"
"352","Naypyitaw","Member","Female","Fashion accessories","1042.60","2019-02-15","49.65","6.60"
"353","Yangon","Normal","Male","Electronic accessories","379.92","2019-01-26","18.09","5.50"
"354","Mandalay","Member","Female","Fashion accessories","402.27","2019-03-14","19.16","8.50"
"355","Mandalay","Member","Male","Home and lifestyle","255.15","2019-03-02","12.15","4.80"
"356","Naypyitaw","Normal","Female","Electronic accessories","31.75","2019-03-04","1.51","8.40"
"357","Mandalay","Member","Female","Food and beverages","374.39","2019-01-07","17.83","7.80"
"358","Naypyitaw","Normal","Female","Fashion accessories","394.28","2019-03-08","18.78","9.30"
"359","Naypyitaw","Normal","Female","Sports and travel","1002.10","2019-01-09","47.72","5.20"
"360","Mandalay","Normal","Male","Electronic accessories","86.63","2019-03-01","4.13","6.50"
"361","Mandalay","Normal","Male","Sports and travel","78.72","2019-03-16","3.75","5.60"
"362","Yangon","Member","Male","Food and beverages","680.06","2019-02-17","32.38","7.40"
"363","Naypyitaw","Normal","Female","Food and beverages","793.55","2019-02-27","37.79","9.10"
"364","Naypyitaw","Normal","Male","Food and beverages","209.56","2019-03-07","9.98","8.00"
"365","Yangon","Normal","Male","Home and lifestyle","461.29","2019-01-21","21.97","7.20"
"366","Naypyitaw","Normal","Female","Food and beverages","173.21","2019-02-19","8.25","7.10"
"367","Naypyitaw","Normal","Female","Fashion accessories","343.06","2019-01-06","16.34","9.10"
"368","Naypyitaw","Normal","Female","Electronic accessories","484.97","2019-03-14","23.09","5.60"
"369","Yangon","Member","Male","Home and lifestyle","276.95","2019-03-24","13.19","6.00"
"370","Naypyitaw","Normal","Female","Sports and travel","150.78","2019-01-27","7.18","5.40"
"371","Yangon","Member","Male","Electronic accessories","203.18","2019-03-06","9.68","7.80"
"372","Mandalay","Member","Female","Electronic accessories","193.01","2019-02-02","9.19","9.90"
"373","Mandalay","Normal","Female","Fashion accessories","128.02","2019-01-25","6.10","4.90"
"374","Naypyitaw","Normal","Female","Home and lifestyle","441.69","2019-03-14","21.03","5.20"
"375","Naypyitaw","Normal","Male","Fashion accessories","265.10","2019-01-29","12.62","8.90"
"376","Yangon","Normal","Female","Home and lifestyle","352.22","2019-01-03","16.77","9.10"
"377","Yangon","Member","Female","Fashion accessories","507.68","2019-01-14","24.18","7.00"
"378","Mandalay","Member","Female","Home and lifestyle","334.34","2019-01-05","15.92","9.60"
"379","Naypyitaw","Normal","Male","Sports and travel","701.85","2019-02-22","33.42","8.70"
"380","Naypyitaw","Member","Male","Fashion accessories","407.32","2019-02-06","19.40","9.40"
"381","Mandalay","Normal","Female","Electronic accessories","99.33","2019-01-30","4.73","4.00"
"382","Yangon","Member","Male","Sports and travel","345.79","2019-01-11","16.47","7.50"
"383","Naypyitaw","Normal","Female","Electronic accessories","55.88","2019-03-19","2.66","4.20"
"384","Mandalay","Normal","Female","Food and beverages","523.37","2019-01-14","24.92","9.90"
"385","Naypyitaw","Member","Female","Food and beverages","314.54","2019-03-01","14.98","4.20"
"386","Yangon","Normal","Female","Food and beverages","214.94","2019-01-06","10.24","9.90"
"387","Mandalay","Member","Male","Sports and travel","79.61","2019-01-31","3.79","5.80"
"388","Naypyitaw","Normal","Male","Food and beverages","294.65","2019-03-11","14.03","6.00"
"389","Yangon","Normal","Female","Health and beauty","339.36","2019-02-20","16.16","10.00"
"390","Naypyitaw","Member","Female","Fashion accessories","510.96","2019-01-27","24.33","9.50"
"391","Mandalay","Normal","Male","Food and beverages","133.92","2019-03-10","6.38","6.60"
"392","Naypyitaw","Member","Female","Fashion accessories","253.51","2019-02-15","12.07","8.10"
"393","Mandalay","Normal","Female","Fashion accessories","398.48","2019-01-26","18.98","9.70"
"394","Yangon","Member","Male","Electronic accessories","80.66","2019-02-13","3.84","7.20"
"395","Yangon","Member","Female","Sports and travel","548.73","2019-03-09","26.13","6.20"
"396","Yangon","Normal","Female","Health and beauty","83.73","2019-03-06","3.99","7.30"
"397","Yangon","Normal","Female","Health and beauty","406.88","2019-01-24","19.38","4.30"
"398","Yangon","Normal","Female","Food and beverages","284.92","2019-03-13","13.57","4.60"
"399","Mandalay","Normal","Male","Home and lifestyle","128.43","2019-03-15","6.12","5.80"
"400","Mandalay","Member","Female","Health and beauty","258.68","2019-03-05","12.32","8.30"
"401","Mandalay","Member","Male","Electronic accessories","181.82","2019-03-04","8.66","8.00"
"402","Naypyitaw","Normal","Female","Food and beverages","248.41","2019-03-25","11.83","9.40"
"403","Naypyitaw","Normal","Male","Home and lifestyle","194.12","2019-03-12","9.24","6.20"
"404","Naypyitaw","Member","Male","Home and lifestyle","14.68","2019-02-04","0.70","9.80"
"405","Mandalay","Normal","Female","Fashion accessories","208.69","2019-02-22","9.94","9.60"
"406","Naypyitaw","Member","Female","Fashion accessories","718.76","2019-02-16","34.23","4.90"
"407","Yangon","Member","Male","Sports and travel","282.49","2019-01-19","13.45","8.00"
"408","Yangon","Normal","Male","Food and beverages","72.40","2019-01-11","3.45","7.80"
"409","Mandalay","Member","Female","Fashion accessories","288.58","2019-01-04","13.74","4.10"
"410","Yangon","Normal","Female","Home and lifestyle","237.43","2019-03-04","11.31","5.50"
"411","Naypyitaw","Normal","Female","Fashion accessories","125.06","2019-01-28","5.96","5.40"
"412","Mandalay","Normal","Female","Health and beauty","359.21","2019-01-02","17.11","5.10"
"413","Mandalay","Normal","Male","Sports and travel","45.93","2019-01-25","2.19","6.90"
"414","Yangon","Member","Male","Health and beauty","110.09","2019-01-04","5.24","7.80"
"415","Yangon","Normal","Male","Sports and travel","81.40","2019-03-10","3.88","6.60"
"416","Yangon","Normal","Male","Home and lifestyle","427.81","2019-03-22","20.37","9.20"
"417","Mandalay","Normal","Male","Health and beauty","100.92","2019-01-25","4.81","7.80"
"418","Naypyitaw","Normal","Female","Home and lifestyle","190.60","2019-01-08","9.08","8.70"
"419","Naypyitaw","Member","Female","Health and beauty","85.59","2019-01-22","4.08","9.20"
"420","Mandalay","Normal","Female","Health and beauty","120.16","2019-01-12","5.72","8.30"
"421","Yangon","Member","Female","Electronic accessories","185.37","2019-02-04","8.83","8.20"
"422","Naypyitaw","Member","Female","Food and beverages","121.59","2019-03-28","5.79","7.50"
"423","Naypyitaw","Normal","Female","Electronic accessories","264.76","2019-01-23","12.61","9.80"
"424","Naypyitaw","Member","Female","Fashion accessories","1020.70","2019-02-08","48.61","8.70"
"425","Mandalay","Member","Male","Fashion accessories","213.53","2019-03-19","10.17","6.70"
"426","Naypyitaw","Normal","Male","Fashion accessories","17.09","2019-03-09","0.81","5.00"
"427","Mandalay","Member","Male","Fashion accessories","383.76","2019-01-02","18.27","7.00"
"428","Yangon","Member","Male","Health and beauty","390.80","2019-01-21","18.61","8.90"
"429","Mandalay","Member","Female","Food and beverages","65.74","2019-03-20","3.13","8.00"
"430","Mandalay","Normal","Male","Sports and travel","353.17","2019-02-27","16.82","6.90"
"431","Yangon","Member","Female","Home and lifestyle","951.83","2019-03-08","45.33","7.30"
"432","Mandalay","Normal","Male","Fashion accessories","145.07","2019-01-31","6.91","6.90"
"433","Naypyitaw","Normal","Male","Food and beverages","90.87","2019-03-08","4.33","5.70"
"434","Yangon","Normal","Female","Electronic accessories","147.80","2019-01-13","7.04","6.40"
"435","Mandalay","Normal","Male","Fashion accessories","702.22","2019-03-09","33.44","9.60"
"436","Mandalay","Normal","Female","Fashion accessories","49.81","2019-02-22","2.37","6.80"
"437","Naypyitaw","Normal","Male","Sports and travel","937.82","2019-03-19","44.66","9.00"
"438","Naypyitaw","Member","Male","Sports and travel","348.31","2019-01-20","16.59","9.60"
"439","Yangon","Normal","Male","Home and lifestyle","214.14","2019-03-08","10.20","7.70"
"440","Naypyitaw","Member","Male","Food and beverages","71.57","2019-03-08","3.41","7.00"
"441","Naypyitaw","Normal","Female","Electronic accessories","343.22","2019-02-07","16.34","6.50"
"442","Naypyitaw","Member","Male","Food and beverages","91.56","2019-01-15","4.36","8.10"
"443","Mandalay","Member","Female","Sports and travel","742.81","2019-03-22","35.37","4.30"
"444","Yangon","Member","Female","Home and lifestyle","843.03","2019-01-15","40.14","6.50"
"445","Naypyitaw","Normal","Male","Fashion accessories","13.42","2019-01-08","0.64","9.50"
"446","Yangon","Normal","Female","Sports and travel","140.39","2019-01-15","6.69","9.70"
"447","Mandalay","Member","Female","Health and beauty","20.11","2019-01-28","0.96","9.50"
"448","Naypyitaw","Member","Male","Food and beverages","290.43","2019-02-14","13.83","8.90"
"449","Naypyitaw","Normal","Male","Fashion accessories","144.08","2019-03-10","6.86","6.50"
"450","Mandalay","Member","Female","Health and beauty","28.42","2019-01-12","1.35","5.30"
"451","Mandalay","Member","Female","Sports and travel","41.08","2019-03-26","1.96","9.60"
"452","Mandalay","Normal","Female","Electronic accessories","470.67","2019-01-01","22.41","6.70"
"453","Mandalay","Normal","Male","Electronic accessories","138.66","2019-01-02","6.60","7.60"
"454","Yangon","Normal","Female","Food and beverages","333.95","2019-03-16","15.90","4.80"
"455","Yangon","Normal","Male","Health and beauty","26.25","2019-03-03","1.25","5.50"
"456","Yangon","Member","Male","Electronic accessories","87.23","2019-01-31","4.15","4.70"
"457","Mandalay","Member","Female","Fashion accessories","155.19","2019-02-13","7.39","6.90"
"458","Mandalay","Member","Female","Food and beverages","731.43","2019-02-15","34.83","4.50"
"459","Mandalay","Normal","Male","Electronic accessories","833.60","2019-02-07","39.70","6.20"
"460","Naypyitaw","Member","Female","Electronic accessories","488.99","2019-01-27","23.29","7.60"
"461","Naypyitaw","Normal","Male","Food and beverages","37.68","2019-02-23","1.79","7.90"
"462","Naypyitaw","Normal","Male","Food and beverages","212.73","2019-02-03","10.13","4.50"
"463","Mandalay","Member","Female","Food and beverages","767.03","2019-03-03","36.53","8.70"
"464","Naypyitaw","Normal","Female","Sports and travel","310.59","2019-02-03","14.79","6.10"
"465","Naypyitaw","Member","Female","Food and beverages","23.75","2019-03-17","1.13","6.40"
"466","Yangon","Member","Male","Food and beverages","269.54","2019-03-28","12.84","9.10"
"467","Naypyitaw","Member","Female","Sports and travel","572.78","2019-03-02","27.28","7.10"
"468","Naypyitaw","Member","Female","Health and beauty","273.05","2019-02-08","13.00","7.70"
"469","Mandalay","Normal","Male","Sports and travel","233.23","2019-03-22","11.11","4.50"
"470","Naypyitaw","Normal","Male","Food and beverages","22.66","2019-02-09","1.08","7.20"
"471","Naypyitaw","Member","Female","Electronic accessories","103.78","2019-02-15","4.94","8.40"
"472","Naypyitaw","Member","Female","Home and lifestyle","527.75","2019-01-23","25.13","5.40"
"473","Yangon","Member","Female","Sports and travel","168.21","2019-01-25","8.01","9.70"
"474","Yangon","Member","Male","Fashion accessories","452.87","2019-02-02","21.57","5.50"
"475","Mandalay","Member","Male","Health and beauty","609.59","2019-03-30","29.03","4.60"
"476","Yangon","Member","Female","Electronic accessories","338.31","2019-03-30","16.11","6.60"
"477","Yangon","Normal","Male","Health and beauty","205.32","2019-02-25","9.78","6.30"
"478","Yangon","Normal","Female","Sports and travel","174.62","2019-03-18","8.32","4.20"
"479","Naypyitaw","Normal","Male","Electronic accessories","353.09","2019-03-07","16.81","4.40"
"480","Mandalay","Normal","Male","Sports and travel","360.89","2019-03-16","17.19","6.70"
"481","Yangon","Normal","Male","Electronic accessories","40.53","2019-01-29","1.93","6.70"
"482","Naypyitaw","Normal","Male","Food and beverages","554.15","2019-02-02","26.39","8.40"
"483","Naypyitaw","Normal","Female","Electronic accessories","344.40","2019-02-15","16.40","6.20"
"484","Yangon","Normal","Male","Sports and travel","194.99","2019-01-08","9.29","5.00"
"485","Mandalay","Member","Male","Home and lifestyle","633.99","2019-02-12","30.19","6.00"
"486","Naypyitaw","Member","Female","Sports and travel","388.29","2019-01-01","18.49","7.00"
"487","Mandalay","Member","Female","Sports and travel","207.86","2019-03-21","9.90","6.60"
"488","Mandalay","Normal","Female","Fashion accessories","431.45","2019-02-28","20.55","7.30"
"489","Yangon","Normal","Male","Fashion accessories","156.03","2019-03-23","7.43","8.30"
"490","Naypyitaw","Normal","Male","Home and lifestyle","24.11","2019-01-30","1.15","4.30"
"491","Mandalay","Member","Female","Home and lifestyle","734.08","2019-02-04","34.96","9.80"
"492","Mandalay","Normal","Female","Fashion accessories","72.87","2019-03-13","3.47","8.20"
"493","Yangon","Member","Female","Fashion accessories","206.43","2019-03-15","9.83","7.20"
"494","Mandalay","Member","Female","Health and beauty","212.69","2019-03-05","10.13","8.70"
"495","Naypyitaw","Member","Female","Home and lifestyle","127.26","2019-03-05","6.06","8.40"
"496","Mandalay","Normal","Male","Fashion accessories","209.77","2019-02-26","9.99","7.10"
"497","Mandalay","Normal","Male","Sports and travel","637.73","2019-03-20","30.37","5.50"
"498","Naypyitaw","Normal","Female","Electronic accessories","132.76","2019-01-01","6.32","8.50"
"499","Naypyitaw","Normal","Female","Food and beverages","568.51","2019-01-27","27.07","6.20"
"500","Mandalay","Member","Female","Sports and travel","103.04","2019-01-21","4.91","8.90"
"501","Yangon","Member","Female","Sports and travel","432.77","2019-02-02","20.61","9.60"
"502","Mandalay","Member","Male","Sports and travel","77.67","2019-02-03","3.70","5.40"
"503","Naypyitaw","Member","Female","Fashion accessories","33.50","2019-01-05","1.60","9.10"
"504","Naypyitaw","Normal","Male","Home and lifestyle","145.74","2019-01-27","6.94","9.00"
"505","Mandalay","Normal","Female","Sports and travel","195.95","2019-03-25","9.33","6.30"
"506","Mandalay","Normal","Male","Sports and travel","92.87","2019-02-25","4.42","9.50"
"507","Yangon","Member","Male","Electronic accessories","203.11","2019-01-28","9.67","9.80"
"508","Mandalay","Member","Female","Sports and travel","152.78","2019-01-08","7.28","6.70"
"509","Mandalay","Normal","Female","Food and beverages","529.52","2019-01-29","25.22","7.70"
"510","Mandalay","Member","Male","Health and beauty","321.77","2019-03-29","15.32","7.00"
"511","Naypyitaw","Member","Female","Home and lifestyle","100.49","2019-02-09","4.79","5.10"
"512","Mandalay","Member","Female","Sports and travel","666.94","2019-01-16","31.76","6.20"
"513","Yangon","Normal","Female","Home and lifestyle","225.28","2019-01-05","10.73","6.10"
"514","Yangon","Normal","Female","Fashion accessories","398.96","2019-01-27","19.00","9.30"
"515","Yangon","Normal","Male","Electronic accessories","731.69","2019-03-14","34.84","7.60"
"516","Naypyitaw","Member","Male","Sports and travel","429.17","2019-02-23","20.44","8.20"
"517","Naypyitaw","Member","Female","Fashion accessories","54.04","2019-03-18","2.57","8.50"
"518","Mandalay","Member","Male","Health and beauty","288.02","2019-03-29","13.72","9.80"
"519","Naypyitaw","Member","Male","Home and lifestyle","206.80","2019-01-22","9.85","8.70"
"520","Yangon","Normal","Male","Home and lifestyle","72.93","2019-03-01","3.47","9.70"
"521","Naypyitaw","Member","Male","Sports and travel","377.58","2019-01-17","17.98","4.30"
"522","Mandalay","Normal","Female","Electronic accessories","143.99","2019-03-26","6.86","7.70"
"523","Naypyitaw","Member","Female","Home and lifestyle","523.97","2019-03-20","24.95","7.30"
"524","Yangon","Member","Female","Home and lifestyle","235.87","2019-02-06","11.23","5.90"
"525","Naypyitaw","Normal","Male","Health and beauty","132.03","2019-01-01","6.29","5.00"
"526","Yangon","Normal","Male","Food and beverages","514.77","2019-01-27","24.51","8.00"
"527","Yangon","Member","Female","Sports and travel","479.90","2019-02-25","22.85","7.10"
"528","Mandalay","Normal","Male","Fashion accessories","164.68","2019-01-16","7.84","9.00"
"529","Mandalay","Member","Male","Fashion accessories","125.71","2019-01-13","5.99","6.70"
"530","Mandalay","Member","Female","Food and beverages","570.78","2019-02-07","27.18","6.10"
"531","Yangon","Normal","Male","Sports and travel","926.95","2019-02-17","44.14","9.30"
"532","Yangon","Normal","Male","Health and beauty","160.21","2019-02-12","7.63","7.00"
"533","Yangon","Member","Male","Fashion accessories","728.11","2019-01-24","34.67","7.20"
"534","Mandalay","Normal","Male","Electronic accessories","240.98","2019-02-06","11.48","8.20"
"535","Naypyitaw","Normal","Female","Food and beverages","154.13","2019-03-26","7.34","8.40"
"536","Yangon","Normal","Female","Home and lifestyle","148.68","2019-03-11","7.08","6.20"
"537","Naypyitaw","Normal","Male","Home and lifestyle","122.52","2019-02-07","5.83","7.40"
"538","Mandalay","Member","Female","Fashion accessories","77.66","2019-01-05","3.70","5.00"
"539","Yangon","Normal","Male","Home and lifestyle","102.84","2019-03-07","4.90","6.90"
"540","Yangon","Normal","Female","Fashion accessories","306.81","2019-02-25","14.61","4.90"
"541","Naypyitaw","Member","Female","Food and beverages","551.12","2019-02-01","26.24","5.10"
"542","Yangon","Normal","Male","Home and lifestyle","96.64","2019-01-22","4.60","9.10"
"543","Naypyitaw","Member","Male","Health and beauty","79.67","2019-01-03","3.79","7.10"
"544","Mandalay","Member","Female","Sports and travel","84.76","2019-02-13","4.04","5.00"
"545","Naypyitaw","Member","Male","Electronic accessories","118.25","2019-01-28","5.63","5.50"
"546","Mandalay","Normal","Female","Food and beverages","74.76","2019-01-05","3.56","9.20"
"547","Mandalay","Member","Male","Home and lifestyle","163.00","2019-03-19","7.76","4.90"
"548","Yangon","Normal","Female","Fashion accessories","308.91","2019-01-12","14.71","8.90"
"549","Yangon","Normal","Male","Sports and travel","575.98","2019-01-07","27.43","6.00"
"550","Mandalay","Normal","Female","Sports and travel","270.59","2019-01-26","12.89","4.20"
"551","Yangon","Normal","Female","Electronic accessories","416.18","2019-01-23","19.82","7.30"
"552","Mandalay","Normal","Male","Fashion accessories","180.40","2019-02-09","8.59","6.50"
"553","Mandalay","Normal","Female","Fashion accessories","513.23","2019-02-22","24.44","8.90"
"554","Mandalay","Normal","Female","Health and beauty","550.37","2019-02-05","26.21","9.70"
"555","Naypyitaw","Normal","Male","Electronic accessories","139.92","2019-03-07","6.66","8.60"
"556","Yangon","Member","Male","Electronic accessories","142.00","2019-03-25","6.76","6.90"
"557","Mandalay","Normal","Male","Home and lifestyle","118.06","2019-01-20","5.62","7.70"
"558","Mandalay","Member","Female","Fashion accessories","151.28","2019-02-04","7.20","9.50"
"559","Naypyitaw","Member","Female","Food and beverages","1034.40","2019-01-30","49.26","4.50"
"560","Yangon","Member","Male","Food and beverages","262.46","2019-01-02","12.50","5.60"
"561","Yangon","Member","Female","Home and lifestyle","228.12","2019-03-29","10.86","8.20"
"562","Mandalay","Normal","Male","Electronic accessories","203.93","2019-03-14","9.71","7.30"
"563","Naypyitaw","Normal","Male","Food and beverages","936.60","2019-02-11","44.60","4.40"
"564","Mandalay","Normal","Female","Electronic accessories","356.33","2019-01-30","16.97","5.70"
"565","Yangon","Member","Male","Electronic accessories","469.41","2019-03-20","22.35","5.00"
"566","Mandalay","Normal","Male","Fashion accessories","208.43","2019-03-20","9.93","9.00"
"567","Yangon","Normal","Female","Food and beverages","852.71","2019-01-17","40.61","6.30"
"568","Naypyitaw","Normal","Female","Sports and travel","517.97","2019-02-03","24.67","9.40"
"569","Yangon","Normal","Female","Fashion accessories","621.24","2019-01-01","29.58","7.70"
"570","Mandalay","Normal","Female","Fashion accessories","586.97","2019-01-10","27.95","5.50"
"571","Naypyitaw","Normal","Female","Sports and travel","543.75","2019-03-02","25.89","4.10"
"572","Mandalay","Member","Female","Home and lifestyle","430.71","2019-02-25","20.51","7.60"
"573","Mandalay","Member","Male","Sports and travel","280.04","2019-01-29","13.34","8.60"
"574","Yangon","Member","Male","Food and beverages","74.46","2019-03-10","3.55","8.30"
"575","Mandalay","Normal","Male","Food and beverages","152.02","2019-01-13","7.24","8.10"
"576","Yangon","Normal","Male","Sports and travel","451.03","2019-03-22","21.48","8.60"
"577","Mandalay","Member","Male","Fashion accessories","597.63","2019-03-01","28.46","6.30"
"578","Mandalay","Normal","Male","Food and beverages","253.26","2019-02-20","12.06","5.80"
"579","Naypyitaw","Normal","Male","Food and beverages","133.43","2019-01-14","6.35","6.20"
"580","Yangon","Normal","Female","Health and beauty","269.93","2019-03-26","12.85","7.70"
"581","Mandalay","Normal","Male","Health and beauty","145.97","2019-03-01","6.95","8.10"
"582","Naypyitaw","Normal","Male","Food and beverages","85.74","2019-01-07","4.08","7.30"
"583","Yangon","Member","Female","Health and beauty","326.26","2019-02-01","15.54","8.40"
"584","Naypyitaw","Member","Female","Fashion accessories","195.26","2019-02-13","9.30","8.00"
"585","Mandalay","Member","Female","Fashion accessories","75.94","2019-01-14","3.62","9.50"
"586","Mandalay","Normal","Male","Sports and travel","198.64","2019-01-19","9.46","7.00"
"587","Yangon","Normal","Male","Health and beauty","217.18","2019-03-09","10.34","9.80"
"588","Yangon","Normal","Female","Food and beverages","164.87","2019-03-27","7.85","9.20"
"589","Yangon","Normal","Female","Sports and travel","226.07","2019-02-04","10.77","7.70"
"590","Naypyitaw","Normal","Male","Fashion accessories","625.91","2019-03-14","29.81","5.30"
"591","Yangon","Normal","Male","Health and beauty","76.76","2019-03-04","3.66","4.40"
"592","Naypyitaw","Member","Male","Health and beauty","293.14","2019-03-03","13.96","4.30"
"593","Naypyitaw","Member","Female","Home and lifestyle","178.16","2019-01-27","8.48","9.40"
"594","Yangon","Member","Female","Sports and travel","47.86","2019-02-07","2.28","9.80"
"595","Yangon","Member","Female","Sports and travel","236.88","2019-02-05","11.28","4.80"
"596","Mandalay","Member","Male","Sports and travel","304.92","2019-03-15","14.52","5.30"
"597","Mandalay","Normal","Male","Health and beauty","46.68","2019-03-01","2.22","8.70"
"598","Yangon","Normal","Male","Food and beverages","164.43","2019-02-15","7.83","9.50"
"599","Naypyitaw","Normal","Female","Sports and travel","440.94","2019-02-17","21.00","5.30"
"600","Naypyitaw","Normal","Female","Fashion accessories","193.46","2019-01-26","9.21","9.20"
"601","Yangon","Member","Female","Home and lifestyle","147.67","2019-03-24","7.03","9.60"
"602","Naypyitaw","Normal","Male","Electronic accessories","87.23","2019-01-23","4.15","6.40"
"603","Naypyitaw","Normal","Female","Fashion accessories","68.24","2019-01-26","3.25","4.50"
"604","Naypyitaw","Normal","Male","Food and beverages","814.38","2019-03-14","38.78","6.90"
"605","Mandalay","Normal","Female","Sports and travel","343.41","2019-03-17","16.35","7.80"
"606","Naypyitaw","Member","Female","Fashion accessories","381.39","2019-01-08","18.16","4.50"
"607","Mandalay","Normal","Male","Home and lifestyle","133.35","2019-02-08","6.35","8.60"
"608","Yangon","Member","Female","Fashion accessories","394.33","2019-02-10","18.78","5.20"
"609","Naypyitaw","Member","Female","Food and beverages","209.12","2019-03-28","9.96","6.40"
"610","Yangon","Normal","Male","Fashion accessories","32.14","2019-01-23","1.53","5.20"
"611","Mandalay","Member","Male","Food and beverages","121.57","2019-01-17","5.79","8.90"
"612","Yangon","Normal","Female","Electronic accessories","30.41","2019-02-07","1.45","6.20"
"613","Naypyitaw","Member","Female","Food and beverages","935.27","2019-03-09","44.54","6.70"
"614","Mandalay","Member","Male","Fashion accessories","293.64","2019-01-24","13.98","7.20"
"615","Naypyitaw","Member","Male","Sports and travel","84.98","2019-01-19","4.05","9.00"
"616","Yangon","Member","Male","Food and beverages","708.23","2019-02-03","33.73","4.20"
"617","Yangon","Member","Female","Sports and travel","365.90","2019-03-20","17.42","4.20"
"618","Mandalay","Member","Male","Sports and travel","457.38","2019-01-13","21.78","6.90"
"619","Naypyitaw","Member","Male","Electronic accessories","461.53","2019-03-14","21.98","4.40"
"620","Yangon","Member","Male","Food and beverages","620.74","2019-01-23","29.56","4.00"
"621","Naypyitaw","Member","Female","Fashion accessories","273.80","2019-02-07","13.04","8.50"
"622","Yangon","Normal","Female","Food and beverages","225.79","2019-03-28","10.75","9.20"
"623","Yangon","Member","Female","Food and beverages","96.19","2019-03-20","4.58","9.80"
"624","Mandalay","Member","Female","Home and lifestyle","695.24","2019-01-17","33.11","4.90"
"625","Mandalay","Normal","Female","Fashion accessories","874.13","2019-01-12","41.63","4.40"
"626","Mandalay","Member","Male","Fashion accessories","95.92","2019-02-16","4.57","6.80"
"627","Mandalay","Member","Female","Food and beverages","165.65","2019-01-26","7.89","9.10"
"628","Yangon","Normal","Male","Sports and travel","127.83","2019-03-09","6.09","8.70"
"629","Mandalay","Member","Male","Health and beauty","867.09","2019-03-14","41.29","5.00"
"630","Yangon","Member","Male","Home and lifestyle","167.90","2019-01-25","8.00","7.50"
"631","Yangon","Normal","Female","Fashion accessories","12.69","2019-01-26","0.60","8.20"
"632","Yangon","Normal","Male","Sports and travel","674.00","2019-01-19","32.10","6.70"
"633","Yangon","Normal","Male","Electronic accessories","246.68","2019-03-05","11.75","5.40"
"634","Yangon","Member","Male","Food and beverages","175.92","2019-01-15","8.38","7.00"
"635","Mandalay","Normal","Male","Home and lifestyle","314.06","2019-03-18","14.96","4.70"
"636","Mandalay","Member","Male","Food and beverages","251.72","2019-03-20","11.99","5.00"
"637","Mandalay","Member","Male","Health and beauty","697.94","2019-01-15","33.24","5.00"
"638","Yangon","Normal","Male","Health and beauty","212.78","2019-03-03","10.13","6.00"
"639","Naypyitaw","Normal","Female","Electronic accessories","48.51","2019-03-19","2.31","6.30"
"640","Mandalay","Member","Female","Food and beverages","92.56","2019-03-08","4.41","8.50"
"641","Mandalay","Normal","Male","Fashion accessories","165.12","2019-02-27","7.86","7.50"
"642","Mandalay","Member","Female","Food and beverages","311.19","2019-02-23","14.82","6.40"
"643","Naypyitaw","Member","Female","Electronic accessories","743.82","2019-03-19","35.42","4.70"
"644","Mandalay","Member","Male","Electronic accessories","116.91","2019-03-27","5.57","6.00"
"645","Naypyitaw","Member","Female","Food and beverages","609.17","2019-03-30","29.01","4.00"
"646","Naypyitaw","Member","Male","Electronic accessories","63.26","2019-02-16","3.01","5.50"
"647","Yangon","Member","Male","Home and lifestyle","182.95","2019-01-18","8.71","8.70"
"648","Naypyitaw","Normal","Male","Health and beauty","442.32","2019-03-30","21.06","7.40"
"649","Mandalay","Member","Male","Fashion accessories","35.31","2019-03-20","1.68","5.60"
"650","Naypyitaw","Member","Female","Sports and travel","32.53","2019-01-16","1.55","6.30"
"651","Naypyitaw","Normal","Male","Electronic accessories","259.77","2019-02-24","12.37","7.10"
"652","Mandalay","Normal","Male","Electronic accessories","397.22","2019-01-15","18.92","7.80"
"653","Mandalay","Normal","Female","Health and beauty","351.60","2019-01-22","16.74","9.90"
"654","Yangon","Member","Male","Home and lifestyle","764.19","2019-02-03","36.39","7.30"
"655","Mandalay","Member","Male","Sports and travel","352.67","2019-03-06","16.79","5.10"
"656","Mandalay","Member","Male","Fashion accessories","252.76","2019-02-16","12.04","9.40"
"657","Yangon","Normal","Female","Electronic accessories","49.42","2019-03-14","2.35","5.80"
"658","Naypyitaw","Normal","Female","Electronic accessories","104.67","2019-02-27","4.98","8.00"
"659","Yangon","Member","Female","Fashion accessories","277.67","2019-01-18","13.22","7.90"
"660","Yangon","Member","Female","Sports and travel","146.63","2019-01-29","6.98","5.90"
"661","Yangon","Member","Male","Fashion accessories","58.22","2019-02-26","2.77","4.90"
"662","Mandalay","Normal","Female","Sports and travel","135.36","2019-02-03","6.45","9.30"
"663","Naypyitaw","Member","Male","Sports and travel","125.98","2019-01-16","6.00","7.90"
"664","Mandalay","Member","Female","Fashion accessories","370.13","2019-03-24","17.63","5.90"
"665","Naypyitaw","Member","Female","Food and beverages","914.55","2019-02-12","43.55","9.90"
"666","Naypyitaw","Normal","Female","Sports and travel","207.48","2019-02-21","9.88","7.70"
"667","Yangon","Normal","Female","Fashion accessories","204.25","2019-02-04","9.73","7.60"
"668","Mandalay","Member","Male","Food and beverages","181.88","2019-02-20","8.66","7.70"
"669","Mandalay","Normal","Female","Health and beauty","75.47","2019-02-23","3.59","6.40"
"670","Naypyitaw","Member","Female","Health and beauty","300.57","2019-02-16","14.31","4.40"
"671","Mandalay","Normal","Female","Sports and travel","85.30","2019-01-17","4.06","4.10"
"672","Yangon","Member","Male","Fashion accessories","588.42","2019-01-14","28.02","4.40"
"673","Mandalay","Member","Male","Food and beverages","196.14","2019-03-30","9.34","5.50"
"674","Mandalay","Normal","Female","Health and beauty","231.24","2019-03-02","11.01","4.00"
"675","Naypyitaw","Normal","Male","Health and beauty","282.58","2019-02-15","13.46","9.30"
"676","Yangon","Normal","Female","Electronic accessories","477.54","2019-03-01","22.74","4.80"
"677","Mandalay","Member","Male","Fashion accessories","175.92","2019-02-24","8.38","4.60"
"678","Mandalay","Member","Female","Sports and travel","470.99","2019-02-19","22.43","7.30"
"679","Yangon","Member","Female","Food and beverages","308.57","2019-02-23","14.69","6.00"
"680","Naypyitaw","Normal","Male","Health and beauty","618.98","2019-02-07","29.48","8.10"
"681","Yangon","Member","Male","Food and beverages","305.55","2019-01-11","14.55","9.40"
"682","Mandalay","Member","Female","Electronic accessories","41.45","2019-02-12","1.97","6.50"
"683","Mandalay","Normal","Female","Sports and travel","36.55","2019-01-14","1.74","7.00"
"684","Naypyitaw","Normal","Female","Fashion accessories","310.72","2019-01-09","14.80","7.10"
"685","Yangon","Member","Male","Fashion accessories","45.11","2019-02-27","2.15","6.60"
"686","Mandalay","Member","Female","Sports and travel","145.40","2019-01-24","6.92","4.90"
"687","Mandalay","Member","Female","Home and lifestyle","103.11","2019-01-08","4.91","6.40"
"688","Mandalay","Member","Female","Sports and travel","136.14","2019-01-08","6.48","8.00"
"689","Yangon","Member","Male","Home and lifestyle","667.38","2019-01-16","31.78","4.30"
"690","Naypyitaw","Member","Male","Sports and travel","153.05","2019-03-13","7.29","6.10"
"691","Yangon","Normal","Female","Food and beverages","211.37","2019-02-15","10.07","7.50"
"692","Naypyitaw","Member","Female","Sports and travel","663.30","2019-01-25","31.59","6.70"
"693","Naypyitaw","Member","Male","Food and beverages","404.54","2019-03-12","19.26","5.20"
"694","Yangon","Member","Male","Health and beauty","510.62","2019-03-04","24.32","8.80"
"695","Naypyitaw","Member","Female","Fashion accessories","539.34","2019-02-10","25.68","9.50"
"696","Naypyitaw","Normal","Female","Food and beverages","497.07","2019-01-16","23.67","7.60"
"697","Yangon","Member","Female","Home and lifestyle","458.69","2019-01-29","21.84","6.60"
"698","Yangon","Member","Female","Sports and travel","113.57","2019-01-01","5.41","6.90"
"699","Mandalay","Normal","Male","Home and lifestyle","261.20","2019-01-06","12.44","4.30"
"700","Yangon","Member","Male","Electronic accessories","657.53","2019-02-19","31.31","7.80"
"701","Naypyitaw","Normal","Male","Home and lifestyle","1023.70","2019-01-12","48.75","8.00"
"702","Naypyitaw","Normal","Female","Fashion accessories","507.44","2019-02-07","24.16","9.60"
"703","Mandalay","Normal","Male","Food and beverages","101.81","2019-03-27","4.85","4.30"
"704","Mandalay","Member","Female","Fashion accessories","207.59","2019-02-27","9.89","5.00"
"705","Mandalay","Member","Male","Health and beauty","760.44","2019-01-06","36.21","9.20"
"706","Mandalay","Member","Female","Home and lifestyle","835.29","2019-03-02","39.78","6.30"
"707","Mandalay","Normal","Male","Health and beauty","527.51","2019-03-29","25.12","8.90"
"708","Mandalay","Normal","Female","Electronic accessories","180.60","2019-01-31","8.60","7.60"
"709","Naypyitaw","Member","Male","Food and beverages","72.43","2019-01-21","3.45","4.80"
"710","Naypyitaw","Normal","Male","Fashion accessories","131.21","2019-01-20","6.25","9.10"
"711","Yangon","Normal","Male","Sports and travel","80.96","2019-01-17","3.86","6.10"
"712","Yangon","Member","Male","Food and beverages","507.91","2019-02-28","24.19","9.10"
"713","Naypyitaw","Member","Female","Home and lifestyle","317.23","2019-03-19","15.11","8.30"
"714","Naypyitaw","Normal","Female","Electronic accessories","733.60","2019-02-19","34.93","7.20"
"715","Naypyitaw","Normal","Female","Health and beauty","130.88","2019-02-04","6.23","6.00"
"716","Naypyitaw","Member","Male","Fashion accessories","829.08","2019-01-31","39.48","8.50"
"717","Yangon","Normal","Female","Health and beauty","187.32","2019-02-06","8.92","6.60"
"718","Yangon","Member","Female","Fashion accessories","525.23","2019-03-28","25.01","4.50"
"719","Yangon","Member","Male","Electronic accessories","37.61","2019-01-19","1.79","8.10"
"720","Yangon","Normal","Male","Fashion accessories","142.95","2019-02-17","6.81","7.20"
"721","Mandalay","Member","Female","Fashion accessories","110.12","2019-01-18","5.24","6.10"
"722","Mandalay","Normal","Female","Fashion accessories","187.87","2019-02-02","8.95","7.10"
"723","Naypyitaw","Member","Female","Sports and travel","856.45","2019-01-18","40.78","5.10"
"724","Mandalay","Normal","Male","Home and lifestyle","138.98","2019-03-18","6.62","7.90"
"725","Naypyitaw","Member","Female","Food and beverages","270.26","2019-01-11","12.87","7.40"
"726","Mandalay","Member","Male","Food and beverages","98.03","2019-02-04","4.67","7.40"
"727","Naypyitaw","Member","Female","Health and beauty","239.40","2019-02-06","11.40","6.60"
"728","Naypyitaw","Member","Male","Home and lifestyle","175.05","2019-01-08","8.34","5.90"
"729","Mandalay","Normal","Male","Sports and travel","732.27","2019-03-05","34.87","8.90"
"730","Naypyitaw","Normal","Male","Fashion accessories","408.49","2019-03-16","19.45","6.80"
"731","Mandalay","Member","Female","Home and lifestyle","383.52","2019-03-09","18.26","9.30"
"732","Yangon","Member","Female","Fashion accessories","93.74","2019-03-01","4.46","4.40"
"733","Yangon","Normal","Male","Health and beauty","176.40","2019-02-28","8.40","4.80"
"734","Yangon","Member","Male","Fashion accessories","20.69","2019-02-08","0.99","9.50"
"735","Mandalay","Normal","Male","Electronic accessories","557.72","2019-01-24","26.56","8.90"
"736","Mandalay","Member","Male","Food and beverages","56.41","2019-03-01","2.69","6.40"
"737","Naypyitaw","Member","Male","Health and beauty","860.48","2019-03-10","40.98","6.00"
"738","Naypyitaw","Member","Female","Home and lifestyle","596.82","2019-03-23","28.42","8.10"
"739","Naypyitaw","Normal","Male","Electronic accessories","616.98","2019-01-29","29.38","9.00"
"740","Mandalay","Member","Male","Electronic accessories","769.10","2019-01-12","36.62","6.00"
"741","Yangon","Normal","Male","Home and lifestyle","887.92","2019-03-20","42.28","9.80"
"742","Naypyitaw","Normal","Male","Home and lifestyle","408.73","2019-03-23","19.46","8.50"
"743","Naypyitaw","Normal","Male","Food and beverages","89.07","2019-01-14","4.24","8.80"
"744","Yangon","Member","Female","Sports and travel","150.42","2019-02-12","7.16","8.80"
"745","Yangon","Member","Male","Home and lifestyle","79.15","2019-02-20","3.77","9.50"
"746","Naypyitaw","Member","Female","Sports and travel","266.03","2019-01-02","12.67","5.60"
"747","Naypyitaw","Member","Female","Food and beverages","40.34","2019-02-02","1.92","8.60"
"748","Mandalay","Member","Male","Fashion accessories","684.92","2019-01-08","32.62","5.20"
"749","Naypyitaw","Member","Female","Home and lifestyle","55.28","2019-01-30","2.63","5.80"
"750","Mandalay","Member","Female","Home and lifestyle","116.14","2019-03-26","5.53","8.00"
"751","Naypyitaw","Member","Male","Health and beauty","597.04","2019-01-15","28.43","9.00"
"752","Mandalay","Member","Female","Fashion accessories","93.74","2019-03-14","4.46","4.10"
"753","Yangon","Normal","Female","Food and beverages","143.22","2019-02-03","6.82","8.60"
"754","Yangon","Member","Female","Electronic accessories","182.91","2019-02-22","8.71","7.00"
"755","Mandalay","Normal","Male","Home and lifestyle","384.72","2019-01-24","18.32","8.40"
"756","Naypyitaw","Member","Female","Fashion accessories","267.34","2019-01-25","12.73","7.40"
"757","Yangon","Normal","Female","Fashion accessories","817.24","2019-03-09","38.92","6.20"
"758","Mandalay","Member","Female","Electronic accessories","300.22","2019-02-17","14.30","4.90"
"759","Yangon","Normal","Female","Home and lifestyle","608.08","2019-01-11","28.96","4.50"
"760","Yangon","Member","Male","Food and beverages","197.93","2019-02-27","9.43","5.60"
"761","Yangon","Normal","Female","Food and beverages","232.64","2019-03-25","11.08","8.00"
"762","Mandalay","Member","Female","Food and beverages","810.60","2019-02-11","38.60","5.60"
"763","Mandalay","Normal","Male","Electronic accessories","757.37","2019-01-31","36.07","4.20"
"764","Yangon","Member","Female","Fashion accessories","536.59","2019-01-20","25.55","9.90"
"765","Yangon","Member","Female","Health and beauty","56.12","2019-03-26","2.67","7.60"
"766","Yangon","Member","Male","Health and beauty","233.10","2019-01-20","11.10","6.60"
"767","Mandalay","Normal","Female","Home and lifestyle","801.86","2019-03-05","38.18","4.70"
"768","Naypyitaw","Normal","Female","Fashion accessories","239.59","2019-01-05","11.41","9.80"
"769","Mandalay","Normal","Male","Sports and travel","86.25","2019-02-13","4.11","6.30"
"770","Mandalay","Normal","Female","Electronic accessories","401.69","2019-03-16","19.13","7.90"
"771","Yangon","Normal","Female","Home and lifestyle","72.01","2019-01-15","3.43","7.70"
"772","Mandalay","Member","Female","Sports and travel","401.27","2019-02-26","19.11","4.50"
"773","Naypyitaw","Member","Female","Health and beauty","631.14","2019-02-27","30.05","8.00"
"774","Naypyitaw","Member","Female","Sports and travel","499.73","2019-02-17","23.80","5.70"
"775","Naypyitaw","Normal","Female","Food and beverages","55.04","2019-02-06","2.62","6.30"
"776","Naypyitaw","Member","Male","Food and beverages","137.87","2019-01-17","6.57","6.00"
"777","Mandalay","Normal","Female","Food and beverages","151.52","2019-01-22","7.22","8.00"
"778","Naypyitaw","Member","Male","Health and beauty","480.03","2019-03-05","22.86","4.20"
"779","Mandalay","Normal","Male","Sports and travel","98.05","2019-01-03","4.67","9.60"
"780","Naypyitaw","Member","Male","Sports and travel","132.56","2019-03-20","6.31","6.10"
"781","Mandalay","Member","Male","Electronic accessories","830.37","2019-01-31","39.54","5.60"
"782","Naypyitaw","Normal","Male","Health and beauty","183.12","2019-02-19","8.72","8.30"
"783","Yangon","Normal","Female","Sports and travel","397.99","2019-02-11","18.95","7.80"
"784","Yangon","Member","Female","Fashion accessories","32.15","2019-02-05","1.53","4.10"
"785","Naypyitaw","Normal","Female","Home and lifestyle","369.68","2019-03-03","17.60","8.80"
"786","Naypyitaw","Member","Female","Health and beauty","53.34","2019-02-24","2.54","4.10"
"787","Yangon","Normal","Male","Electronic accessories","548.16","2019-02-04","26.10","9.00"
"788","Naypyitaw","Normal","Male","Electronic accessories","603.88","2019-02-19","28.76","5.50"
"789","Naypyitaw","Normal","Female","Health and beauty","57.70","2019-01-23","2.75","9.30"
"790","Naypyitaw","Member","Male","Health and beauty","190.48","2019-01-14","9.07","5.60"
"791","Yangon","Normal","Male","Sports and travel","432.99","2019-01-17","20.62","9.70"
"792","Yangon","Normal","Male","Fashion accessories","48.73","2019-03-03","2.32","4.00"
"793","Naypyitaw","Member","Male","Health and beauty","287.91","2019-02-15","13.71","9.20"
"794","Mandalay","Normal","Female","Home and lifestyle","1022.30","2019-01-15","48.69","4.90"
"795","Yangon","Member","Male","Electronic accessories","680.61","2019-02-27","32.41","9.30"
"796","Yangon","Normal","Female","Electronic accessories","97.88","2019-02-26","4.66","6.60"
"797","Mandalay","Normal","Male","Fashion accessories","57.08","2019-03-15","2.72","4.30"
"798","Naypyitaw","Member","Female","Home and lifestyle","63.91","2019-01-24","3.04","5.50"
"799","Yangon","Member","Female","Sports and travel","257.15","2019-02-22","12.25","8.10"
"800","Mandalay","Normal","Male","Health and beauty","97.42","2019-03-15","4.64","9.80"
"801","Naypyitaw","Member","Male","Home and lifestyle","455.12","2019-02-11","21.67","9.40"
"802","Mandalay","Normal","Male","Sports and travel","144.96","2019-01-12","6.90","7.90"
"803","Naypyitaw","Member","Female","Electronic accessories","253.68","2019-03-03","12.08","5.10"
"804","Naypyitaw","Member","Male","Fashion accessories","495.32","2019-03-23","23.59","6.90"
"805","Yangon","Member","Female","Fashion accessories","462.67","2019-03-04","22.03","8.00"
"806","Mandalay","Member","Female","Electronic accessories","714.33","2019-02-23","34.02","8.00"
"807","Yangon","Normal","Female","Home and lifestyle","325.37","2019-03-17","15.49","4.20"
"808","Yangon","Normal","Female","Sports and travel","195.68","2019-01-16","9.32","8.50"
"809","Yangon","Normal","Female","Electronic accessories","210.97","2019-01-08","10.05","9.00"
"810","Mandalay","Normal","Female","Health and beauty","18.64","2019-01-14","0.89","8.60"
"811","Naypyitaw","Normal","Female","Fashion accessories","652.89","2019-01-31","31.09","6.00"
"812","Mandalay","Normal","Male","Health and beauty","90.30","2019-03-15","4.30","6.20"
"813","Yangon","Normal","Female","Electronic accessories","422.73","2019-02-24","20.13","5.00"
"814","Naypyitaw","Member","Female","Sports and travel","341.09","2019-02-08","16.24","6.50"
"815","Yangon","Normal","Male","Electronic accessories","99.91","2019-03-22","4.76","6.00"
"816","Yangon","Member","Female","Electronic accessories","408.41","2019-01-24","19.45","5.00"
"817","Mandalay","Normal","Female","Food and beverages","446.96","2019-03-14","21.28","5.00"
"818","Naypyitaw","Normal","Female","Fashion accessories","333.98","2019-01-23","15.90","9.20"
"819","Yangon","Normal","Male","Food and beverages","284.59","2019-01-19","13.55","9.60"
"820","Mandalay","Member","Male","Health and beauty","403.87","2019-01-27","19.23","8.40"
"821","Mandalay","Member","Male","Food and beverages","247.59","2019-02-03","11.79","6.00"
"822","Mandalay","Normal","Male","Electronic accessories","222.14","2019-03-25","10.58","6.70"
"823","Yangon","Member","Female","Home and lifestyle","100.13","2019-02-24","4.77","4.10"
"824","Naypyitaw","Member","Male","Sports and travel","10.68","2019-02-07","0.51","5.90"
"825","Yangon","Normal","Female","Health and beauty","216.44","2019-03-04","10.31","8.70"
"826","Mandalay","Member","Female","Sports and travel","441.59","2019-02-14","21.03","4.50"
"827","Yangon","Member","Female","Sports and travel","92.44","2019-01-29","4.40","6.60"
"828","Mandalay","Member","Female","Health and beauty","681.44","2019-01-28","32.45","7.70"
"829","Yangon","Member","Male","Fashion accessories","130.03","2019-03-26","6.19","8.50"
"830","Naypyitaw","Normal","Male","Electronic accessories","681.98","2019-03-24","32.48","5.20"
"831","Yangon","Member","Female","Electronic accessories","779.31","2019-01-01","37.11","4.30"
"832","Yangon","Normal","Male","Electronic accessories","88.70","2019-01-24","4.22","7.60"
"833","Mandalay","Normal","Male","Health and beauty","262.79","2019-02-25","12.51","9.50"
"834","Mandalay","Member","Female","Sports and travel","99.54","2019-01-09","4.74","4.10"
"835","Yangon","Member","Male","Health and beauty","95.87","2019-02-14","4.57","9.20"
"836","Mandalay","Member","Female","Home and lifestyle","299.37","2019-03-12","14.26","5.40"
"837","Yangon","Normal","Male","Fashion accessories","55.00","2019-03-26","2.62","5.80"
"838","Yangon","Member","Male","Fashion accessories","202.34","2019-01-09","9.64","5.60"
"839","Mandalay","Normal","Male","Sports and travel","281.17","2019-01-02","13.39","5.10"
"840","Naypyitaw","Normal","Male","Electronic accessories","586.64","2019-01-15","27.94","5.80"
"841","Naypyitaw","Member","Female","Sports and travel","184.09","2019-01-01","8.77","5.00"
"842","Yangon","Normal","Male","Fashion accessories","163.61","2019-02-15","7.79","7.90"
"843","Mandalay","Normal","Male","Electronic accessories","63.32","2019-02-28","3.02","6.00"
"844","Yangon","Member","Female","Sports and travel","82.89","2019-03-02","3.95","5.00"
"845","Naypyitaw","Member","Female","Food and beverages","31.23","2019-02-13","1.49","8.90"
"846","Yangon","Normal","Male","Fashion accessories","22.39","2019-01-26","1.07","5.90"
"847","Yangon","Member","Male","Electronic accessories","295.41","2019-01-30","14.07","5.90"
"848","Yangon","Member","Male","Electronic accessories","76.92","2019-01-27","3.66","9.70"
"849","Naypyitaw","Normal","Female","Sports and travel","23.50","2019-01-30","1.12","8.60"
"850","Naypyitaw","Member","Female","Food and beverages","688.72","2019-01-08","32.80","4.00"
"851","Yangon","Normal","Female","Fashion accessories","624.33","2019-01-19","29.73","4.20"
"852","Yangon","Normal","Male","Fashion accessories","77.81","2019-01-25","3.71","9.20"
"853","Yangon","Normal","Female","Fashion accessories","206.81","2019-02-19","9.85","9.20"
"854","Naypyitaw","Normal","Male","Health and beauty","390.95","2019-01-14","18.62","5.00"
"855","Mandalay","Normal","Female","Electronic accessories","554.30","2019-02-25","26.40","10.00"
"856","Yangon","Member","Female","Health and beauty","503.74","2019-01-23","23.99","8.80"
"857","Mandalay","Normal","Female","Fashion accessories","345.02","2019-02-16","16.43","4.20"
"858","Mandalay","Normal","Male","Food and beverages","177.41","2019-01-01","8.45","6.30"
"859","Yangon","Member","Female","Home and lifestyle","118.90","2019-03-07","5.66","8.20"
"860","Mandalay","Normal","Male","Health and beauty","362.82","2019-02-15","17.28","5.10"
"861","Yangon","Member","Female","Food and beverages","450.10","2019-01-23","21.43","5.00"
"862","Naypyitaw","Member","Female","Home and lifestyle","90.58","2019-02-20","4.31","7.00"
"863","Yangon","Member","Male","Sports and travel","26.80","2019-01-08","1.28","7.80"
"864","Mandalay","Normal","Female","Home and lifestyle","106.60","2019-03-17","5.08","4.30"
"865","Mandalay","Normal","Female","Home and lifestyle","375.36","2019-01-12","17.87","7.00"
"866","Yangon","Member","Female","Electronic accessories","250.71","2019-01-08","11.94","6.60"
"867","Naypyitaw","Member","Male","Health and beauty","106.50","2019-01-26","5.07","7.30"
"868","Mandalay","Member","Male","Sports and travel","760.45","2019-03-15","36.21","6.50"
"869","Naypyitaw","Member","Female","Health and beauty","131.92","2019-01-17","6.28","4.90"
"870","Naypyitaw","Member","Male","Food and beverages","76.58","2019-01-08","3.65","4.30"
"871","Yangon","Normal","Male","Sports and travel","271.28","2019-01-06","12.92","9.30"
"872","Yangon","Member","Male","Food and beverages","182.43","2019-02-16","8.69","7.10"
"873","Naypyitaw","Normal","Male","Fashion accessories","59.33","2019-03-13","2.83","9.60"
"874","Mandalay","Member","Female","Electronic accessories","225.02","2019-01-28","10.72","6.20"
"875","Yangon","Member","Male","Sports and travel","561.08","2019-01-18","26.72","9.90"
"876","Yangon","Member","Male","Home and lifestyle","97.82","2019-03-19","4.66","5.90"
"877","Naypyitaw","Normal","Male","Home and lifestyle","548.18","2019-03-15","26.10","6.30"
"878","Naypyitaw","Member","Male","Fashion accessories","54.97","2019-02-12","2.62","4.00"
"879","Mandalay","Member","Male","Electronic accessories","41.74","2019-02-25","1.99","6.10"
"880","Yangon","Normal","Female","Electronic accessories","756.17","2019-03-21","36.01","4.50"
"881","Mandalay","Member","Female","Electronic accessories","101.64","2019-01-19","4.84","8.60"
"882","Mandalay","Member","Female","Food and beverages","348.71","2019-01-08","16.61","6.00"
"883","Naypyitaw","Member","Female","Fashion accessories","85.51","2019-03-30","4.07","9.50"
"884","Mandalay","Member","Male","Sports and travel","335.90","2019-02-20","16.00","9.90"
"885","Yangon","Member","Female","Home and lifestyle","216.85","2019-03-30","10.33","7.50"
"886","Yangon","Member","Female","Food and beverages","175.01","2019-03-19","8.33","7.60"
"887","Yangon","Normal","Male","Sports and travel","335.01","2019-01-13","15.95","5.00"
"888","Yangon","Member","Male","Food and beverages","92.30","2019-02-05","4.40","6.70"
"889","Yangon","Member","Female","Electronic accessories","771.44","2019-03-23","36.74","9.50"
"890","Naypyitaw","Normal","Female","Fashion accessories","102.40","2019-03-13","4.88","6.80"
"891","Yangon","Member","Male","Sports and travel","807.66","2019-03-17","38.46","5.60"
"892","Naypyitaw","Normal","Female","Health and beauty","439.22","2019-02-21","20.92","7.20"
"893","Mandalay","Normal","Female","Electronic accessories","486.44","2019-02-07","23.16","8.10"
"894","Naypyitaw","Member","Female","Fashion accessories","485.57","2019-03-02","23.12","8.60"
"895","Mandalay","Normal","Male","Electronic accessories","149.00","2019-03-06","7.10","9.40"
"896","Mandalay","Member","Male","Electronic accessories","317.84","2019-02-06","15.14","8.90"
"897","Mandalay","Normal","Male","Health and beauty","832.94","2019-01-28","39.66","4.20"
"898","Naypyitaw","Normal","Male","Fashion accessories","446.44","2019-01-18","21.26","5.00"
"899","Naypyitaw","Member","Female","Food and beverages","297.80","2019-02-05","14.18","8.80"
"900","Naypyitaw","Member","Male","Health and beauty","629.16","2019-03-02","29.96","5.30"
"901","Yangon","Member","Male","Food and beverages","331.13","2019-02-09","15.77","4.60"
"902","Naypyitaw","Member","Female","Electronic accessories","423.74","2019-01-14","20.18","7.50"
"903","Mandalay","Normal","Male","Home and lifestyle","193.07","2019-02-09","9.19","5.10"
"904","Yangon","Member","Female","Health and beauty","145.58","2019-03-26","6.93","4.20"
"905","Yangon","Normal","Male","Food and beverages","84.75","2019-01-28","4.04","8.10"
"906","Naypyitaw","Normal","Female","Health and beauty","122.47","2019-02-14","5.83","6.00"
"907","Naypyitaw","Member","Female","Home and lifestyle","329.20","2019-03-24","15.68","7.90"
"908","Naypyitaw","Normal","Male","Health and beauty","888.41","2019-02-09","42.31","8.80"
"909","Mandalay","Normal","Female","Health and beauty","435.12","2019-03-24","20.72","6.60"
"910","Yangon","Member","Female","Food and beverages","167.03","2019-03-27","7.95","6.20"
"911","Mandalay","Normal","Female","Home and lifestyle","514.61","2019-01-27","24.51","4.20"
"912","Mandalay","Member","Female","Food and beverages","91.82","2019-03-27","4.37","7.30"
"913","Naypyitaw","Normal","Female","Electronic accessories","235.75","2019-01-19","11.23","8.60"
"914","Yangon","Normal","Female","Home and lifestyle","782.21","2019-02-07","37.25","6.80"
"915","Yangon","Member","Male","Fashion accessories","431.26","2019-01-31","20.54","7.60"
"916","Yangon","Member","Female","Food and beverages","313.74","2019-02-25","14.94","5.80"
"917","Naypyitaw","Normal","Female","Electronic accessories","223.59","2019-02-02","10.65","4.10"
"918","Naypyitaw","Member","Male","Sports and travel","44.99","2019-03-14","2.14","9.30"
"919","Yangon","Normal","Female","Fashion accessories","397.61","2019-03-11","18.93","6.80"
"920","Mandalay","Normal","Male","Home and lifestyle","217.26","2019-02-22","10.35","8.70"
"921","Mandalay","Member","Female","Electronic accessories","82.72","2019-03-02","3.94","6.30"
"922","Naypyitaw","Member","Female","Home and lifestyle","338.22","2019-03-10","16.11","5.10"
"923","Mandalay","Normal","Female","Home and lifestyle","103.13","2019-02-08","4.91","7.00"
"924","Naypyitaw","Member","Female","Home and lifestyle","26.73","2019-02-22","1.27","5.20"
"925","Naypyitaw","Normal","Female","Sports and travel","611.08","2019-01-10","29.10","6.60"
"926","Naypyitaw","Member","Female","Sports and travel","221.89","2019-03-14","10.57","6.50"
"927","Mandalay","Normal","Female","Electronic accessories","57.88","2019-01-10","2.76","9.00"
"928","Mandalay","Member","Male","Sports and travel","92.73","2019-02-15","4.42","5.20"
"929","Yangon","Member","Female","Health and beauty","374.41","2019-01-13","17.83","6.80"
"930","Mandalay","Normal","Female","Electronic accessories","833.96","2019-02-15","39.71","7.60"
"931","Mandalay","Normal","Male","Sports and travel","53.15","2019-03-02","2.53","7.20"
"932","Mandalay","Normal","Male","Home and lifestyle","629.50","2019-03-24","29.98","7.10"
"933","Naypyitaw","Member","Female","Fashion accessories","175.04","2019-02-02","8.34","9.50"
"934","Yangon","Normal","Female","Food and beverages","781.62","2019-02-27","37.22","5.10"
"935","Naypyitaw","Normal","Male","Health and beauty","470.99","2019-01-20","22.43","7.60"
"936","Mandalay","Normal","Female","Home and lifestyle","397.85","2019-01-03","18.95","9.80"
"937","Naypyitaw","Member","Male","Home and lifestyle","270.02","2019-01-24","12.86","5.10"
"938","Naypyitaw","Normal","Female","Health and beauty","579.84","2019-01-05","27.61","7.50"
"939","Yangon","Normal","Female","Sports and travel","469.77","2019-03-30","22.37","7.40"
"940","Yangon","Member","Female","Health and beauty","290.08","2019-02-17","13.81","4.20"
"941","Naypyitaw","Normal","Female","Food and beverages","360.93","2019-03-21","17.19","5.90"
"942","Yangon","Normal","Male","Food and beverages","279.38","2019-03-02","13.30","6.90"
"943","Naypyitaw","Member","Male","Fashion accessories","943.30","2019-03-27","44.92","6.60"
"944","Yangon","Normal","Female","Home and lifestyle","479.64","2019-01-19","22.84","5.70"
"945","Yangon","Normal","Male","Health and beauty","266.65","2019-02-19","12.70","5.30"
"946","Yangon","Member","Male","Health and beauty","74.09","2019-03-28","3.53","4.20"
"947","Yangon","Normal","Female","Electronic accessories","690.02","2019-01-05","32.86","7.30"
"948","Naypyitaw","Member","Male","Electronic accessories","176.93","2019-03-26","8.43","5.30"
"949","Mandalay","Member","Male","Fashion accessories","56.47","2019-02-03","2.69","4.70"
"950","Naypyitaw","Member","Male","Home and lifestyle","188.00","2019-02-06","8.95","7.90"
"951","Mandalay","Normal","Female","Food and beverages","222.01","2019-02-24","10.57","8.90"
"952","Mandalay","Member","Male","Health and beauty","125.72","2019-02-21","5.99","9.30"
"953","Mandalay","Member","Female","Home and lifestyle","68.99","2019-01-09","3.29","4.70"
"954","Mandalay","Member","Female","Food and beverages","263.97","2019-02-25","12.57","8.70"
"955","Naypyitaw","Member","Female","Food and beverages","88.37","2019-01-13","4.21","7.60"
"956","Mandalay","Member","Male","Home and lifestyle","415.23","2019-02-09","19.77","5.70"
"957","Yangon","Normal","Female","Fashion accessories","312.89","2019-01-06","14.90","6.80"
"958","Naypyitaw","Member","Male","Food and beverages","477.13","2019-01-10","22.72","5.40"
"959","Mandalay","Normal","Male","Electronic accessories","289.93","2019-02-07","13.81","7.10"
"960","Naypyitaw","Normal","Female","Home and lifestyle","165.90","2019-01-09","7.90","7.80"
"961","Yangon","Member","Female","Food and beverages","932.34","2019-02-19","44.40","8.40"
"962","Naypyitaw","Member","Male","Fashion accessories","96.58","2019-03-18","4.60","9.80"
"963","Yangon","Member","Male","Electronic accessories","43.87","2019-02-05","2.09","9.80"
"964","Yangon","Normal","Female","Fashion accessories","16.28","2019-03-19","0.78","7.40"
"965","Naypyitaw","Member","Male","Electronic accessories","304.98","2019-03-30","14.52","6.70"
"966","Mandalay","Normal","Male","Food and beverages","69.99","2019-01-26","3.33","6.40"
"967","Mandalay","Normal","Female","Electronic accessories","80.37","2019-03-02","3.83","5.80"
"968","Yangon","Normal","Female","Home and lifestyle","314.69","2019-03-04","14.99","7.20"
"969","Yangon","Member","Male","Home and lifestyle","255.18","2019-01-13","12.15","9.30"
"970","Yangon","Normal","Female","Health and beauty","49.77","2019-03-25","2.37","9.50"
"971","Mandalay","Member","Female","Electronic accessories","181.07","2019-03-11","8.62","9.00"
"972","Mandalay","Member","Female","Food and beverages","888.62","2019-01-01","42.32","9.00"
"973","Mandalay","Member","Male","Home and lifestyle","271.29","2019-02-10","12.92","6.70"
"974","Mandalay","Normal","Male","Electronic accessories","640.04","2019-01-26","30.48","5.50"
"975","Yangon","Normal","Male","Home and lifestyle","252.25","2019-02-11","12.01","5.40"
"976","Naypyitaw","Normal","Male","Fashion accessories","180.87","2019-02-07","8.61","8.20"
"977","Mandalay","Member","Male","Fashion accessories","104.83","2019-03-06","4.99","7.00"
"978","Yangon","Normal","Female","Food and beverages","313.57","2019-03-04","14.93","8.50"
"979","Mandalay","Member","Male","Food and beverages","167.58","2019-02-26","7.98","4.90"
"980","Mandalay","Normal","Female","Electronic accessories","26.72","2019-03-10","1.27","5.10"
"981","Mandalay","Normal","Female","Food and beverages","71.16","2019-02-04","3.39","6.50"
"982","Naypyitaw","Member","Male","Food and beverages","250.28","2019-01-19","11.92","9.80"
"983","Yangon","Normal","Male","Health and beauty","244.23","2019-01-23","11.63","8.40"
"984","Yangon","Member","Female","Sports and travel","921.19","2019-03-14","43.87","7.40"
"985","Naypyitaw","Normal","Male","Health and beauty","734.71","2019-01-23","34.99","6.10"
"986","Naypyitaw","Normal","Male","Electronic accessories","708.32","2019-01-09","33.73","6.00"
"987","Mandalay","Normal","Female","Fashion accessories","334.48","2019-02-07","15.93","8.50"
"988","Mandalay","Normal","Female","Health and beauty","31.00","2019-02-18","1.48","4.30"
"989","Mandalay","Member","Male","Health and beauty","520.80","2019-01-03","24.80","6.20"
"990","Naypyitaw","Member","Male","Electronic accessories","864.57","2019-03-29","41.17","4.30"
"991","Mandalay","Member","Male","Health and beauty","633.11","2019-01-28","30.15","8.40"
"992","Yangon","Normal","Female","Food and beverages","296.94","2019-03-22","14.14","4.50"
"993","Mandalay","Normal","Female","Sports and travel","804.30","2019-01-24","38.30","6.00"
"994","Yangon","Normal","Male","Electronic accessories","121.86","2019-03-10","5.80","8.80"
"995","Mandalay","Normal","Male","Fashion accessories","183.65","2019-02-22","8.75","6.60"
"996","Naypyitaw","Member","Female","Electronic accessories","64.00","2019-02-18","3.05","5.90"
"997","Naypyitaw","Normal","Male","Health and beauty","42.37","2019-01-29","2.02","6.20"
"998","Mandalay","Normal","Female","Home and lifestyle","1022.40","2019-03-02","48.69","4.40"
"999","Yangon","Member","Male","Food and beverages","33.43","2019-02-09","1.59","7.70"
"1000","Yangon","Normal","Male","Home and lifestyle","69.11","2019-02-22","3.29","4.10"
