Photo ID,Photo Title,Photo Description,Photo Tags,Photo URL,Photo User,Photo User ID,Image Width,Image Height,previewWidth,previewHeight,webformatWidth,webformatHeight,imageSize,tags,views,downloads,likes,comments,userID,user,page URL,preview URL,userimage URL,webformat URL
7901753,AmberShadow,"animal, mammal, cat","animal, mammal, cat",https://pixabay.com/get/g72950b0988d35df5c78b85bdd10a80d02d945328f97a4ed36e07ec4fff8d92b3ce255350e92481b2d4cf31a7cb889b76d4b736a13573488a4085eeaac45dae14_640.jpg,AmberShadow,17749603,3000,1796,150,90,640,383,1656003,"animal, mammal, cat",41738,37925,132,46,17749603,AmberShadow,https://pixabay.com/photos/animal-mammal-cat-ragdoll-pet-7901753/,https://cdn.pixabay.com/photo/2023/04/05/15/39/animal-7901753_150.jpg,https://cdn.pixabay.com/user/2023/03/21/17-22-14-773_250x250.jpg,https://pixabay.com/get/g72950b0988d35df5c78b85bdd10a80d02d945328f97a4ed36e07ec4fff8d92b3ce255350e92481b2d4cf31a7cb889b76d4b736a13573488a4085eeaac45dae14_640.jpg
5994369,vaclavzavada,"kitten, cat, ragdoll","kitten, cat, ragdoll",https://pixabay.com/get/g4937f52bf08188fac21d34994fe7ac6b229174964c97c8e4f54a7a42c4056db42d79c80d8b7df0a7b5ddba8f2a5a0f8cfd152376d3a9e2726172e795702e8003_640.jpg,vaclavzavada,16241500,4892,3261,150,100,640,427,2922588,"kitten, cat, ragdoll",9801,5838,72,17,16241500,vaclavzavada,https://pixabay.com/photos/kitten-cat-ragdoll-breed-cat-breed-5994369/,https://cdn.pixabay.com/photo/2021/02/08/11/00/kitten-5994369_150.jpg,https://cdn.pixabay.com/user/2020/04/28/16-40-17-588_250x250.jpg,https://pixabay.com/get/g4937f52bf08188fac21d34994fe7ac6b229174964c97c8e4f54a7a42c4056db42d79c80d8b7df0a7b5ddba8f2a5a0f8cfd152376d3a9e2726172e795702e8003_640.jpg
2105660,woodsilver,"cat, purebred, ragdoll","cat, purebred, ragdoll",https://pixabay.com/get/g317e4cf9628385b0d6535ef73ddc5731280fcbb5fd6b5ffdb03051e5bb422bffd255dd99edffb07c8ebcf88125d8b1d6f00c33b7018753d1b443706da43e9566_640.jpg,woodsilver,4045569,2048,1306,150,95,640,408,322585,"cat, purebred, ragdoll",12615,5980,89,9,4045569,woodsilver,https://pixabay.com/photos/cat-purebred-ragdoll-tongue-funny-2105660/,https://cdn.pixabay.com/photo/2017/02/28/12/59/cat-2105660_150.jpg,,https://pixabay.com/get/g317e4cf9628385b0d6535ef73ddc5731280fcbb5fd6b5ffdb03051e5bb422bffd255dd99edffb07c8ebcf88125d8b1d6f00c33b7018753d1b443706da43e9566_640.jpg
4418880,monicore,"cat, kitten, ragdoll","cat, kitten, ragdoll",https://pixabay.com/get/ga35623936a99e3a8f9045c732e4cb45d2af2a4b46ef89aced856b703bc38cd9b6b045acba30ac1b65f55acaeec640da3b6f923f87360c902aa8554013610d1f6_640.jpg,monicore,1499084,4592,3052,150,99,640,425,1505464,"cat, kitten, ragdoll",5217,2843,83,7,1499084,monicore,https://pixabay.com/photos/cat-kitten-ragdoll-animal-feline-4418880/,https://cdn.pixabay.com/photo/2019/08/20/14/07/cat-4418880_150.jpg,https://cdn.pixabay.com/user/2019/12/14/18-53-29-501_250x250.png,https://pixabay.com/get/ga35623936a99e3a8f9045c732e4cb45d2af2a4b46ef89aced856b703bc38cd9b6b045acba30ac1b65f55acaeec640da3b6f923f87360c902aa8554013610d1f6_640.jpg
1726028,Kadisha,"cat, remote access, ragdoll","cat, remote access, ragdoll",https://pixabay.com/get/g1ae18411bea1d74406327003ba376e03368413945ad9259443fdb66ca1ac92a5b0797597d645ad3704bde35d5b49171370bdf3d9c1f90f0f33bd57f51188f9cf_640.jpg,Kadisha,3380544,2306,1665,150,108,640,462,1037466,"cat, remote access, ragdoll",5001,2171,55,10,3380544,Kadisha,https://pixabay.com/photos/cat-remote-access-ragdoll-blue-1726028/,https://cdn.pixabay.com/photo/2016/10/09/15/43/cat-1726028_150.jpg,https://cdn.pixabay.com/user/2016/10/04/22-06-50-599_250x250.jpg,https://pixabay.com/get/g1ae18411bea1d74406327003ba376e03368413945ad9259443fdb66ca1ac92a5b0797597d645ad3704bde35d5b49171370bdf3d9c1f90f0f33bd57f51188f9cf_640.jpg
3228801,8243857,"cute, portrait, animal","cute, portrait, animal",https://pixabay.com/get/g63a38acd9dd1b90ba7443ad1f2886f1e035e40757c3d9d53f4e1a8a79fcfa2d8a0a551cafcdd428631f23a2f2d408120a91fb873e2b38d3edcc7c3e61c077878_640.jpg,8243857,8243857,4256,2832,150,99,640,425,3199236,"cute, portrait, animal",8886,5092,60,6,8243857,8243857,https://pixabay.com/photos/cute-portrait-animal-young-3228801/,https://cdn.pixabay.com/photo/2018/03/15/16/55/cute-3228801_150.jpg,,https://pixabay.com/get/g63a38acd9dd1b90ba7443ad1f2886f1e035e40757c3d9d53f4e1a8a79fcfa2d8a0a551cafcdd428631f23a2f2d408120a91fb873e2b38d3edcc7c3e61c077878_640.jpg
4155119,monicore,"cat, ragdoll, resting","cat, ragdoll, resting",https://pixabay.com/get/g2976257a4fbc5c8c71419c9276462591c1644b94a24e4f38c6a731e7f8f66f85341daeacc4dd0c84a83cc471893b0bfb46f7a997f25eb123ac4fc9209eee7a33_640.jpg,monicore,1499084,4285,2968,150,103,640,443,1994130,"cat, ragdoll, resting",5126,2433,61,17,1499084,monicore,https://pixabay.com/photos/cat-ragdoll-resting-kitten-kitty-4155119/,https://cdn.pixabay.com/photo/2019/04/25/15/11/cat-4155119_150.jpg,https://cdn.pixabay.com/user/2019/12/14/18-53-29-501_250x250.png,https://pixabay.com/get/g2976257a4fbc5c8c71419c9276462591c1644b94a24e4f38c6a731e7f8f66f85341daeacc4dd0c84a83cc471893b0bfb46f7a997f25eb123ac4fc9209eee7a33_640.jpg
1726023,Kadisha,"cat, remote access, ragdoll","cat, remote access, ragdoll",https://pixabay.com/get/g53b873e33811c0172ac90796624a59b7f3e2d2dbcd24ef1e49ef687ee28ee0c25c335826251c7532f4a2fe9646d8ad083f1357fd7d2baa40b081e2f3c5603f5e_640.jpg,Kadisha,3380544,5184,3888,150,112,640,480,5039344,"cat, remote access, ragdoll",6872,3218,58,2,3380544,Kadisha,https://pixabay.com/photos/cat-remote-access-ragdoll-pet-blue-1726023/,https://cdn.pixabay.com/photo/2016/10/09/15/39/cat-1726023_150.jpg,https://cdn.pixabay.com/user/2016/10/04/22-06-50-599_250x250.jpg,https://pixabay.com/get/g53b873e33811c0172ac90796624a59b7f3e2d2dbcd24ef1e49ef687ee28ee0c25c335826251c7532f4a2fe9646d8ad083f1357fd7d2baa40b081e2f3c5603f5e_640.jpg
2188612,MorriganMagie,"cat, ragdoll, look","cat, ragdoll, look",https://pixabay.com/get/gc02f372095f3e5acb40fc1401ed6eabd94db283e21f77d4e26c84e99d58f9b17bcb99e488b553d8704b2db7321e21643c762930952040ae12c026efbaeac3b0b_640.jpg,MorriganMagie,4945400,3648,2736,150,112,640,480,2644606,"cat, ragdoll, look",3504,1550,40,3,4945400,MorriganMagie,https://pixabay.com/photos/cat-ragdoll-look-blue-cat-ragdoll-2188612/,https://cdn.pixabay.com/photo/2017/03/30/14/14/cat-2188612_150.jpg,https://cdn.pixabay.com/user/2017/09/10/17-27-02-632_250x250.png,https://pixabay.com/get/gc02f372095f3e5acb40fc1401ed6eabd94db283e21f77d4e26c84e99d58f9b17bcb99e488b553d8704b2db7321e21643c762930952040ae12c026efbaeac3b0b_640.jpg
1784428,Kadisha,"cat, remote access, ragdoll","cat, remote access, ragdoll",https://pixabay.com/get/ge0d2c31c03f8ac55971a57288c7a97678439545e9453a8aff1a492bed2f3b7a0848348a8d6360fd262b1c9888de3e4a9362aaa5f5f321b83224b892d00a359a9_640.jpg,Kadisha,3380544,5008,3617,150,108,640,462,3729938,"cat, remote access, ragdoll",4735,1803,41,6,3380544,Kadisha,https://pixabay.com/photos/cat-remote-access-ragdoll-blue-eyes-1784428/,https://cdn.pixabay.com/photo/2016/10/30/21/37/cat-1784428_150.jpg,https://cdn.pixabay.com/user/2016/10/04/22-06-50-599_250x250.jpg,https://pixabay.com/get/ge0d2c31c03f8ac55971a57288c7a97678439545e9453a8aff1a492bed2f3b7a0848348a8d6360fd262b1c9888de3e4a9362aaa5f5f321b83224b892d00a359a9_640.jpg
2126698,woodsilver,"cats, sisters, ragdoll","cats, sisters, ragdoll",https://pixabay.com/get/g627569ca6729cd25968781526218cc1f0d4f25caadc27bb89b43ad58ca727d3c0822334d455942e2e72e4de632df5d72a038a5a1f8fdeb01285b0aeb9acac85a_640.jpg,woodsilver,4045569,2048,1365,150,99,640,426,251669,"cats, sisters, ragdoll",4887,2042,36,2,4045569,woodsilver,https://pixabay.com/photos/cats-sisters-ragdoll-animal-2126698/,https://cdn.pixabay.com/photo/2017/03/08/13/04/cats-2126698_150.jpg,,https://pixabay.com/get/g627569ca6729cd25968781526218cc1f0d4f25caadc27bb89b43ad58ca727d3c0822334d455942e2e72e4de632df5d72a038a5a1f8fdeb01285b0aeb9acac85a_640.jpg
4401311,atrix99,"cat, thoroughbred, ragdoll","cat, thoroughbred, ragdoll",https://pixabay.com/get/gc14b3dd06775bad0c0e6ee0dadba2fbc9a29c944bf401c47be3d08c421be30b76c84a6729c3a5174f88fc702590ae89019d031b9d93bd595708e2bdea8d49168_640.jpg,atrix99,11387251,5472,3080,150,84,640,360,2312744,"cat, thoroughbred, ragdoll",2363,1270,31,7,11387251,atrix99,https://pixabay.com/photos/cat-thoroughbred-ragdoll-pretty-4401311/,https://cdn.pixabay.com/photo/2019/08/12/13/51/cat-4401311_150.jpg,https://cdn.pixabay.com/user/2021/11/22/23-00-11-862_250x250.jpg,https://pixabay.com/get/gc14b3dd06775bad0c0e6ee0dadba2fbc9a29c944bf401c47be3d08c421be30b76c84a6729c3a5174f88fc702590ae89019d031b9d93bd595708e2bdea8d49168_640.jpg
7673536,ApplesPC,"christmas, pet, ragdoll","christmas, pet, ragdoll",https://pixabay.com/get/ga97aac66c6f952024be744b412a4c26d1be676898e186e816a20078519847be145cd5551c026f67bba4a1ce1bb2dcbddb6831d007a956e6db8229a42b2ef7656_640.jpg,ApplesPC,19095802,4096,4096,150,150,640,640,2489226,"christmas, pet, ragdoll",2190,1894,41,11,19095802,ApplesPC,https://pixabay.com/illustrations/christmas-pet-ragdoll-feline-7673536/,https://cdn.pixabay.com/photo/2022/12/23/01/36/christmas-7673536_150.jpg,https://cdn.pixabay.com/user/2023/01/29/07-03-13-816_250x250.png,https://pixabay.com/get/ga97aac66c6f952024be744b412a4c26d1be676898e186e816a20078519847be145cd5551c026f67bba4a1ce1bb2dcbddb6831d007a956e6db8229a42b2ef7656_640.jpg
4298133,atrix99,"cat, ragdoll, animals","cat, ragdoll, animals",https://pixabay.com/get/g7fad92d8614209cbacea3ecdbaa4c301eda5b0d562962395d8d6b559d7584c173f9c85f5af409dea66741665b7b28e483a5a450cce534ed2ad851cbf1633a136_640.jpg,atrix99,11387251,4277,3059,150,107,640,457,2696964,"cat, ragdoll, animals",2639,1429,32,6,11387251,atrix99,https://pixabay.com/photos/cat-ragdoll-animals-pretty-blue-4298133/,https://cdn.pixabay.com/photo/2019/06/25/12/47/cat-4298133_150.jpg,https://cdn.pixabay.com/user/2021/11/22/23-00-11-862_250x250.jpg,https://pixabay.com/get/g7fad92d8614209cbacea3ecdbaa4c301eda5b0d562962395d8d6b559d7584c173f9c85f5af409dea66741665b7b28e483a5a450cce534ed2ad851cbf1633a136_640.jpg
4221858,monicore,"cat, ragdoll, kitten","cat, ragdoll, kitten",https://pixabay.com/get/g29862297dba4a9826f8411ca1a3438d905cea2d2419f08a33c8287b85ad6c7d79f7e5f42ca3b6d407d7a2904edf55a331de19632f67b43793c86d5e477c719c7_640.jpg,monicore,1499084,5016,3348,150,100,640,427,2080245,"cat, ragdoll, kitten",1491,743,38,5,1499084,monicore,https://pixabay.com/photos/cat-ragdoll-kitten-dark-kitty-4221858/,https://cdn.pixabay.com/photo/2019/05/22/16/03/cat-4221858_150.jpg,https://cdn.pixabay.com/user/2019/12/14/18-53-29-501_250x250.png,https://pixabay.com/get/g29862297dba4a9826f8411ca1a3438d905cea2d2419f08a33c8287b85ad6c7d79f7e5f42ca3b6d407d7a2904edf55a331de19632f67b43793c86d5e477c719c7_640.jpg
2126692,woodsilver,"cat pretty, blue eyes, ragdoll","cat pretty, blue eyes, ragdoll",https://pixabay.com/get/g5f6cb1ef5afb84a42986d932d79ca5e9c209491c87648061557743cd86fa8b0870f43354782a97bcd02d7a944ef4d57a1f908bbf20b9459a7b3da8761c264b1f_640.jpg,woodsilver,4045569,1960,1478,150,112,640,482,393642,"cat pretty, blue eyes, ragdoll",6031,1852,28,1,4045569,woodsilver,https://pixabay.com/photos/cat-pretty-blue-eyes-ragdoll-fluffy-2126692/,https://cdn.pixabay.com/photo/2017/03/08/13/02/cat-pretty-2126692_150.jpg,,https://pixabay.com/get/g5f6cb1ef5afb84a42986d932d79ca5e9c209491c87648061557743cd86fa8b0870f43354782a97bcd02d7a944ef4d57a1f908bbf20b9459a7b3da8761c264b1f_640.jpg
4425461,monicore,"cat, ragdoll, kitten","cat, ragdoll, kitten",https://pixabay.com/get/gc196a6b12872b2abefbc40f8ddd934ff342e3e8334d89b8fd6fb3ba5c6f93c6fbb62d365e7eb2d0b8777095d8ce8169d766784b3cdf1e6d6266ceafff0e937f8_640.jpg,monicore,1499084,3224,2071,150,96,640,411,2467680,"cat, ragdoll, kitten",1452,749,31,2,1499084,monicore,https://pixabay.com/photos/cat-ragdoll-kitten-animal-blue-4425461/,https://cdn.pixabay.com/photo/2019/08/23/10/22/cat-4425461_150.jpg,https://cdn.pixabay.com/user/2019/12/14/18-53-29-501_250x250.png,https://pixabay.com/get/gc196a6b12872b2abefbc40f8ddd934ff342e3e8334d89b8fd6fb3ba5c6f93c6fbb62d365e7eb2d0b8777095d8ce8169d766784b3cdf1e6d6266ceafff0e937f8_640.jpg
2702199,Blue-Heaven,"cats, mammal, ragdoll","cats, mammal, ragdoll",https://pixabay.com/get/g2c202d497bf725c63a8cc014f95817998b215659153eba24b9ab019cc6e3f596506f8497a612ce2d0d4cd7759eb6b346479ec9d47e636001a839aacaa4f85b36_640.jpg,Blue-Heaven,6316585,5184,3456,150,99,640,426,2729354,"cats, mammal, ragdoll",2188,956,25,0,6316585,Blue-Heaven,https://pixabay.com/photos/cats-mammal-ragdoll-ragdoll-2702199/,https://cdn.pixabay.com/photo/2017/08/31/20/20/cats-2702199_150.jpg,https://cdn.pixabay.com/user/2017/08/31/20-18-51-273_250x250.jpg,https://pixabay.com/get/g2c202d497bf725c63a8cc014f95817998b215659153eba24b9ab019cc6e3f596506f8497a612ce2d0d4cd7759eb6b346479ec9d47e636001a839aacaa4f85b36_640.jpg
2224201,tranmautritam,"cat, pet, kitty","cat, pet, kitty",https://pixabay.com/get/g71450da80f2f295b28a5e4e90479cf211cd5d4ccdf8a8e7afe5c4db1ce0e4e23172c587e6b65a867467f23c2ea834deb32643b87dc723f067fee84c8b62860a4_640.jpg,tranmautritam,498081,5472,3648,150,99,640,426,8931557,"cat, pet, kitty",3774,1762,28,1,498081,tranmautritam,https://pixabay.com/photos/cat-pet-kitty-kitten-ragdoll-2224201/,https://cdn.pixabay.com/photo/2017/04/12/10/46/cat-2224201_150.jpg,https://cdn.pixabay.com/user/2015/01/22/05-13-32-817_250x250.jpg,https://pixabay.com/get/g71450da80f2f295b28a5e4e90479cf211cd5d4ccdf8a8e7afe5c4db1ce0e4e23172c587e6b65a867467f23c2ea834deb32643b87dc723f067fee84c8b62860a4_640.jpg
3847296,rdlaw,"cat, kitty, kitten","cat, kitty, kitten",https://pixabay.com/get/g6bec69004a0d300520a0b04da6f2dbf43694731bcc783a2b16b55b8c0a8d59253af724e7de25a732c50ce63543801c9bb624adfe58b7758762dfc5f8bffd47c8_640.jpg,rdlaw,10461825,4000,4000,150,150,640,640,6009487,"cat, kitty, kitten",1889,1095,26,16,10461825,rdlaw,https://pixabay.com/photos/cat-kitty-kitten-feline-tomcat-3847296/,https://cdn.pixabay.com/photo/2018/11/30/08/47/cat-3847296_150.jpg,https://cdn.pixabay.com/user/2020/07/01/09-35-32-914_250x250.jpg,https://pixabay.com/get/g6bec69004a0d300520a0b04da6f2dbf43694731bcc783a2b16b55b8c0a8d59253af724e7de25a732c50ce63543801c9bb624adfe58b7758762dfc5f8bffd47c8_640.jpg
4155012,monicore,"cat, ragdoll, resting","cat, ragdoll, resting",https://pixabay.com/get/g94144c21be4d1b6f88290af35e0137fcac66050e209d9588eddfa900fb0506682219a8a313f742b7928461d3fbd66b984bc21db7fe010de04141aa89ec89fed0_640.jpg,monicore,1499084,4139,3016,150,109,640,466,2618481,"cat, ragdoll, resting",1242,614,29,6,1499084,monicore,https://pixabay.com/photos/cat-ragdoll-resting-kitten-kitty-4155012/,https://cdn.pixabay.com/photo/2019/04/25/14/41/cat-4155012_150.jpg,https://cdn.pixabay.com/user/2019/12/14/18-53-29-501_250x250.png,https://pixabay.com/get/g94144c21be4d1b6f88290af35e0137fcac66050e209d9588eddfa900fb0506682219a8a313f742b7928461d3fbd66b984bc21db7fe010de04141aa89ec89fed0_640.jpg
4306109,swiatowskaagata,"ragdoll, cat, kittens","ragdoll, cat, kittens",https://pixabay.com/get/ge6530b4ccc02a011dcb43b318169f68e98e7edb25dc20fa7aa3bda1785ed5397e99c8716ec24d03d57ff10d032ec073c8f4e41ef86a5afa4e5e057896a0fe883_640.jpg,swiatowskaagata,12908115,3245,4468,109,150,464,640,3420199,"ragdoll, cat, kittens",3635,1084,25,1,12908115,swiatowskaagata,https://pixabay.com/photos/ragdoll-cat-kittens-kitten-pet-4306109/,https://cdn.pixabay.com/photo/2019/06/29/12/13/ragdoll-4306109_150.jpg,https://cdn.pixabay.com/user/2019/06/29/12-26-15-860_250x250.jpg,https://pixabay.com/get/ge6530b4ccc02a011dcb43b318169f68e98e7edb25dc20fa7aa3bda1785ed5397e99c8716ec24d03d57ff10d032ec073c8f4e41ef86a5afa4e5e057896a0fe883_640.jpg
4936769,diak83,"cat, kitten, ragdoll","cat, kitten, ragdoll",https://pixabay.com/get/g4b7bfc58fd4cc48f4705ba94f60d1e73bec77d66ea87ce0aa3f772986bf350bcde8d77cf0196ee27e3a163b903c44c2259182f3fc4696bc5fe31f28a1eee3ddd_640.jpg,diak83,15618980,4000,6000,100,150,427,640,1922184,"cat, kitten, ragdoll",2453,1280,26,1,15618980,diak83,https://pixabay.com/photos/cat-kitten-ragdoll-ragdoll-ragdoll-4936769/,https://cdn.pixabay.com/photo/2020/03/16/11/46/cat-4936769_150.jpg,,https://pixabay.com/get/g4b7bfc58fd4cc48f4705ba94f60d1e73bec77d66ea87ce0aa3f772986bf350bcde8d77cf0196ee27e3a163b903c44c2259182f3fc4696bc5fe31f28a1eee3ddd_640.jpg
4047170,tittifab,"cat, kitten, ragdoll","cat, kitten, ragdoll",https://pixabay.com/get/g9cd0f63d60590d7335253e82e936c536ef12fc3639b8fd5b11fc7673ca1dae5fe4e0e7dc9de650fb43d478eeb8bb90bee9cc243bd3a02ba57d73e71563e9d7d4_640.jpg,tittifab,8661176,2000,3008,100,150,425,640,810572,"cat, kitten, ragdoll",1648,968,18,1,8661176,tittifab,https://pixabay.com/photos/cat-kitten-ragdoll-sleep-needed-4047170/,https://cdn.pixabay.com/photo/2019/03/10/20/14/cat-4047170_150.jpg,,https://pixabay.com/get/g9cd0f63d60590d7335253e82e936c536ef12fc3639b8fd5b11fc7673ca1dae5fe4e0e7dc9de650fb43d478eeb8bb90bee9cc243bd3a02ba57d73e71563e9d7d4_640.jpg
4310592,swiatowskaagata,"ester, easter cat, ragdoll","ester, easter cat, ragdoll",https://pixabay.com/get/g69d059d949f75019048619414d33a25f26d426b9c3ee3ce8f74e4f83210067b190259ad5c8d5b1b5cf515151fa51aa3857b5b978a6a7cc14eeae7633170cec22_640.jpg,swiatowskaagata,12908115,3283,3618,136,150,580,640,2535561,"ester, easter cat, ragdoll",2034,1214,24,0,12908115,swiatowskaagata,https://pixabay.com/photos/ester-easter-cat-ragdoll-4310592/,https://cdn.pixabay.com/photo/2019/07/01/18/15/ester-4310592_150.jpg,https://cdn.pixabay.com/user/2019/06/29/12-26-15-860_250x250.jpg,https://pixabay.com/get/g69d059d949f75019048619414d33a25f26d426b9c3ee3ce8f74e4f83210067b190259ad5c8d5b1b5cf515151fa51aa3857b5b978a6a7cc14eeae7633170cec22_640.jpg
4083215,atrix99,"cat, thoroughbred, ragdoll","cat, thoroughbred, ragdoll",https://pixabay.com/get/g1699247d16e9f510b4142dfe33fe1143eac3aab4a391d7b83a0cc6442f3500a13be414c674fa2cbd561ed53b6dcf6057033ec28d18e1a89300220f7dd531f1e2_640.jpg,atrix99,11387251,5472,3080,150,84,640,360,3960541,"cat, thoroughbred, ragdoll",1836,876,20,6,11387251,atrix99,https://pixabay.com/photos/cat-thoroughbred-ragdoll-pretty-4083215/,https://cdn.pixabay.com/photo/2019/03/26/17/27/cat-4083215_150.jpg,https://cdn.pixabay.com/user/2021/11/22/23-00-11-862_250x250.jpg,https://pixabay.com/get/g1699247d16e9f510b4142dfe33fe1143eac3aab4a391d7b83a0cc6442f3500a13be414c674fa2cbd561ed53b6dcf6057033ec28d18e1a89300220f7dd531f1e2_640.jpg
4425802,monicore,"cat, ragdoll, kitten","cat, ragdoll, kitten",https://pixabay.com/get/g3aec48d897784fc4677978f31aad3d9e9b2d80dac5ad05aa069366786693e0250ba415a2fd0c6347fc094290e7365faa0f40f6f82ac5cbf036af13be9be11cac_640.jpg,monicore,1499084,4016,2681,150,100,640,427,2892454,"cat, ragdoll, kitten",1629,1033,22,2,1499084,monicore,https://pixabay.com/photos/cat-ragdoll-kitten-animal-blue-4425802/,https://cdn.pixabay.com/photo/2019/08/23/14/10/cat-4425802_150.jpg,https://cdn.pixabay.com/user/2019/12/14/18-53-29-501_250x250.png,https://pixabay.com/get/g3aec48d897784fc4677978f31aad3d9e9b2d80dac5ad05aa069366786693e0250ba415a2fd0c6347fc094290e7365faa0f40f6f82ac5cbf036af13be9be11cac_640.jpg
4425884,monicore,"cat, ragdoll, kitten","cat, ragdoll, kitten",https://pixabay.com/get/gec6ddd344182ee1a5dbcfafc9d1506945bc110415039e7005d0538aad5a6bb8920e8453c9d627643d3f9e3dafeba7f56c89bdc2fe308f7716b42d631b10e542e_640.jpg,monicore,1499084,4232,2900,150,102,640,438,3885821,"cat, ragdoll, kitten",687,319,25,1,1499084,monicore,https://pixabay.com/photos/cat-ragdoll-kitten-animal-blue-4425884/,https://cdn.pixabay.com/photo/2019/08/23/15/01/cat-4425884_150.jpg,https://cdn.pixabay.com/user/2019/12/14/18-53-29-501_250x250.png,https://pixabay.com/get/gec6ddd344182ee1a5dbcfafc9d1506945bc110415039e7005d0538aad5a6bb8920e8453c9d627643d3f9e3dafeba7f56c89bdc2fe308f7716b42d631b10e542e_640.jpg
5129935,atrix99,"cat, thoroughbred, ragdoll","cat, thoroughbred, ragdoll",https://pixabay.com/get/g8febd4c5ad780b686b6755035deefd18bfdee31ee95b79648fed0e46f0f6858e8dca4e70b67a167b3c15da8f6874f115271cd75b2764c3ae8ef2cd0511143814_640.jpg,atrix99,11387251,3000,2998,150,150,640,640,1627413,"cat, thoroughbred, ragdoll",1191,798,14,2,11387251,atrix99,https://pixabay.com/photos/cat-thoroughbred-ragdoll-favorite-5129935/,https://cdn.pixabay.com/photo/2020/05/04/17/25/cat-5129935_150.jpg,https://cdn.pixabay.com/user/2021/11/22/23-00-11-862_250x250.jpg,https://pixabay.com/get/g8febd4c5ad780b686b6755035deefd18bfdee31ee95b79648fed0e46f0f6858e8dca4e70b67a167b3c15da8f6874f115271cd75b2764c3ae8ef2cd0511143814_640.jpg
5223231,Jeannette1980,"cat, burma, domestic cat","cat, burma, domestic cat",https://pixabay.com/get/gf353268764c51a159b6f5e4a792b60cc74c71402b199418aaa68366ae4e2328bbe28394eee5f29fe80ade1a8ff1da2b42926a940834377c94ef03f60ca042511_640.jpg,Jeannette1980,15621666,4752,3168,150,100,640,427,3339935,"cat, burma, domestic cat",1159,610,13,0,15621666,Jeannette1980,https://pixabay.com/photos/cat-burma-domestic-cat-animal-5223231/,https://cdn.pixabay.com/photo/2020/05/26/14/10/cat-5223231_150.jpg,https://cdn.pixabay.com/user/2020/03/16/16-41-50-308_250x250.jpg,https://pixabay.com/get/gf353268764c51a159b6f5e4a792b60cc74c71402b199418aaa68366ae4e2328bbe28394eee5f29fe80ade1a8ff1da2b42926a940834377c94ef03f60ca042511_640.jpg
7641499,alanajordan,"animal, ragdoll, cat","animal, ragdoll, cat",https://pixabay.com/get/g62f4cd0b91929ab266165b20b0ad46b6cd8664c43154a38b1640abc8fa193cd8728c94d5cfdc70b010389148f8f01f3a9f3803160f22773ad67e9d97a51b27f6_640.jpg,alanajordan,25247407,3000,3000,150,150,640,640,1465764,"animal, ragdoll, cat",568,330,17,0,25247407,alanajordan,https://pixabay.com/illustrations/animal-ragdoll-cat-kitten-feline-7641499/,https://cdn.pixabay.com/photo/2022/12/07/15/51/animal-7641499_150.jpg,https://cdn.pixabay.com/user/2022/11/18/20-48-02-358_250x250.jpg,https://pixabay.com/get/g62f4cd0b91929ab266165b20b0ad46b6cd8664c43154a38b1640abc8fa193cd8728c94d5cfdc70b010389148f8f01f3a9f3803160f22773ad67e9d97a51b27f6_640.jpg
3524637,Blue-Heaven,"ragdoll, cat, pet","ragdoll, cat, pet",https://pixabay.com/get/g27393a8190fec988d5c285c70a3c413ca6ae88028e1beb4ba806662228084c68aaffb52c63de2bf03440f52f5c2295d48b777de5e9b1bc6def8f354978fbef54_640.jpg,Blue-Heaven,6316585,6000,4000,150,99,640,426,5583936,"ragdoll, cat, pet",1425,576,12,0,6316585,Blue-Heaven,https://pixabay.com/photos/ragdoll-cat-pet-hairy-kitten-3524637/,https://cdn.pixabay.com/photo/2018/07/08/20/10/ragdoll-3524637_150.jpg,https://cdn.pixabay.com/user/2017/08/31/20-18-51-273_250x250.jpg,https://pixabay.com/get/g27393a8190fec988d5c285c70a3c413ca6ae88028e1beb4ba806662228084c68aaffb52c63de2bf03440f52f5c2295d48b777de5e9b1bc6def8f354978fbef54_640.jpg
2465898,aliceneunzehn,"cat, ragdoll, kitten","cat, ragdoll, kitten",https://pixabay.com/get/g3924fcacd3cfc3aaff3f44b6d7822fdfa4d5283868f694fec0ba1b5635838ccfcbd47b6ec0cbd3dce114e526230a3a99bf7a3e27ac157d079eb8c2d8d23af53c_640.jpg,aliceneunzehn,5418643,4912,3264,150,99,640,425,2967141,"cat, ragdoll, kitten",1582,598,11,0,5418643,aliceneunzehn,https://pixabay.com/photos/cat-ragdoll-kitten-cat-eyes-2465898/,https://cdn.pixabay.com/photo/2017/07/02/21/28/cat-2465898_150.jpg,https://cdn.pixabay.com/user/2017/05/20/20-00-49-906_250x250.jpg,https://pixabay.com/get/g3924fcacd3cfc3aaff3f44b6d7822fdfa4d5283868f694fec0ba1b5635838ccfcbd47b6ec0cbd3dce114e526230a3a99bf7a3e27ac157d079eb8c2d8d23af53c_640.jpg
4306112,swiatowskaagata,"ragdoll, cat, kittens","ragdoll, cat, kittens",https://pixabay.com/get/g9964b076ff45010eb4b2d7776dbb6af4878d9b1a80be08c0ad38b30b9e6ddfcab7a960847649c00ed46d86f78edca0681d24f3cedc8e50edc704c2582956bdac_640.jpg,swiatowskaagata,12908115,4493,4000,150,133,640,569,4205918,"ragdoll, cat, kittens",694,244,15,1,12908115,swiatowskaagata,https://pixabay.com/photos/ragdoll-cat-kittens-kitten-pet-4306112/,https://cdn.pixabay.com/photo/2019/06/29/12/15/ragdoll-4306112_150.jpg,https://cdn.pixabay.com/user/2019/06/29/12-26-15-860_250x250.jpg,https://pixabay.com/get/g9964b076ff45010eb4b2d7776dbb6af4878d9b1a80be08c0ad38b30b9e6ddfcab7a960847649c00ed46d86f78edca0681d24f3cedc8e50edc704c2582956bdac_640.jpg
4660131,monicore,"cat, ragdoll, kitten","cat, ragdoll, kitten",https://pixabay.com/get/gb2153bbcf0864577a1b6d7e7d7de3c22cdd55f389448eb639c979313f8889a9efbd7f3440953748e1d9c7fa74212439f8edb1c436e243d14b06cc8d7c8894e70_640.jpg,monicore,1499084,3920,5616,105,150,447,640,6284323,"cat, ragdoll, kitten",630,416,12,1,1499084,monicore,https://pixabay.com/photos/cat-ragdoll-kitten-animal-blue-4660131/,https://cdn.pixabay.com/photo/2019/11/28/22/05/cat-4660131_150.jpg,https://cdn.pixabay.com/user/2019/12/14/18-53-29-501_250x250.png,https://pixabay.com/get/gb2153bbcf0864577a1b6d7e7d7de3c22cdd55f389448eb639c979313f8889a9efbd7f3440953748e1d9c7fa74212439f8edb1c436e243d14b06cc8d7c8894e70_640.jpg
4426150,monicore,"cat, ragdoll, kitten","cat, ragdoll, kitten",https://pixabay.com/get/gf9c11fbbd3347090d234ea6248b0fa68ae78b6396d909938ec647a5f33767ee9978d1c14a09209927a8379f4dedbc05f948861ce16ca21c2cc5963be54816994_640.jpg,monicore,1499084,4669,3116,150,100,640,427,3299552,"cat, ragdoll, kitten",453,181,14,2,1499084,monicore,https://pixabay.com/photos/cat-ragdoll-kitten-animal-blue-4426150/,https://cdn.pixabay.com/photo/2019/08/23/17/41/cat-4426150_150.jpg,https://cdn.pixabay.com/user/2019/12/14/18-53-29-501_250x250.png,https://pixabay.com/get/gf9c11fbbd3347090d234ea6248b0fa68ae78b6396d909938ec647a5f33767ee9978d1c14a09209927a8379f4dedbc05f948861ce16ca21c2cc5963be54816994_640.jpg
1005404,Jazzyartphotos,"breed, burmillas, breeding","breed, burmillas, breeding",https://pixabay.com/get/g834ba0df0af8a1e6879de12d2e2dbb5b712e2447e66a4678660e99059a6bc64dace2d2c1dfc59779bb2a9ee4dbfaed400f1376e4bf5349a890b455846c5eb20d_640.jpg,Jazzyartphotos,1559363,4000,3000,150,112,640,480,2923597,"breed, burmillas, breeding",7068,3702,15,2,1559363,Jazzyartphotos,https://pixabay.com/photos/breed-burmillas-breeding-white-1005404/,https://cdn.pixabay.com/photo/2015/10/25/05/46/breed-1005404_150.jpg,https://cdn.pixabay.com/user/2015/10/25/02-53-57-599_250x250.jpg,https://pixabay.com/get/g834ba0df0af8a1e6879de12d2e2dbb5b712e2447e66a4678660e99059a6bc64dace2d2c1dfc59779bb2a9ee4dbfaed400f1376e4bf5349a890b455846c5eb20d_640.jpg
6342817,孟想家,"cat, ragdoll, pet","cat, ragdoll, pet",https://pixabay.com/get/gc19ea99faf6cdf2740e9c496801f01fd3d18b0e8428a4def70efef9830526fd5e86e0000b1608437c9e139f9934f340d006809dc76beb0a6924696fb2b14512f_640.jpg,孟想家,14625477,7952,4472,150,84,640,360,7193579,"cat, ragdoll, pet",921,592,12,2,14625477,孟想家,https://pixabay.com/photos/cat-ragdoll-pet-animal-fur-feline-6342817/,https://cdn.pixabay.com/photo/2021/06/17/05/41/cat-6342817_150.jpg,https://cdn.pixabay.com/user/2022/03/10/07-51-34-544_250x250.jpg,https://pixabay.com/get/gc19ea99faf6cdf2740e9c496801f01fd3d18b0e8428a4def70efef9830526fd5e86e0000b1608437c9e139f9934f340d006809dc76beb0a6924696fb2b14512f_640.jpg
4797324,Wunderland123,"ragdoll, cat, young","ragdoll, cat, young",https://pixabay.com/get/g4b1e796c72adf230fa910449b310445765ab5855e0cd51e5806c08fe96cd9feb6f981a431a23bc27ac40f34d8853738bd087aca000515318578b84dfc9030272_640.jpg,Wunderland123,12067140,2304,3456,100,150,426,640,1345862,"ragdoll, cat, young",650,375,10,0,12067140,Wunderland123,https://pixabay.com/photos/ragdoll-cat-young-kitten-4797324/,https://cdn.pixabay.com/photo/2020/01/27/14/18/ragdoll-4797324_150.jpg,https://cdn.pixabay.com/user/2021/10/18/17-16-16-177_250x250.jpg,https://pixabay.com/get/g4b1e796c72adf230fa910449b310445765ab5855e0cd51e5806c08fe96cd9feb6f981a431a23bc27ac40f34d8853738bd087aca000515318578b84dfc9030272_640.jpg
4306110,swiatowskaagata,"ragdoll, cat, kittens","ragdoll, cat, kittens",https://pixabay.com/get/g01f65b137c0b98bff3995fdd4c8346c6d8d5ff1460178432fec992cc8f31be3be2311f59065f4d0c7ddbedc7849dfbb326a34bce66a79ea9fb2bbbba8b472962_640.jpg,swiatowskaagata,12908115,3020,2885,150,143,640,611,2347953,"ragdoll, cat, kittens",504,195,10,0,12908115,swiatowskaagata,https://pixabay.com/photos/ragdoll-cat-kittens-kitten-pet-4306110/,https://cdn.pixabay.com/photo/2019/06/29/12/13/ragdoll-4306110_150.jpg,https://cdn.pixabay.com/user/2019/06/29/12-26-15-860_250x250.jpg,https://pixabay.com/get/g01f65b137c0b98bff3995fdd4c8346c6d8d5ff1460178432fec992cc8f31be3be2311f59065f4d0c7ddbedc7849dfbb326a34bce66a79ea9fb2bbbba8b472962_640.jpg
5019856,Flotograph,"cat, white, kitten","cat, white, kitten",https://pixabay.com/get/ga528d5cc2d7d80e8964a573d05c7a0a627a8dbcb78dc3e8d34e795e007571bb64f2159d7e01ebc3510033fd515e14cd6a571ec136c0838d2ce39749394c858f3_640.jpg,Flotograph,15626975,6000,3469,150,87,640,370,8406454,"cat, white, kitten",683,371,7,0,15626975,Flotograph,https://pixabay.com/photos/cat-white-kitten-feline-cute-5019856/,https://cdn.pixabay.com/photo/2020/04/09/06/05/cat-5019856_150.jpg,https://cdn.pixabay.com/user/2020/03/21/14-13-01-921_250x250.jpeg,https://pixabay.com/get/ga528d5cc2d7d80e8964a573d05c7a0a627a8dbcb78dc3e8d34e795e007571bb64f2159d7e01ebc3510033fd515e14cd6a571ec136c0838d2ce39749394c858f3_640.jpg
4166368,monicore,"cat, ragdoll, resting","cat, ragdoll, resting",https://pixabay.com/get/gb4cc5e4e8c5bea5d8f0d412ceb82a43d0eabd2bec7e10ac6a2146166d74260f06e11306ffc7bf2bd604c4f932787a4e60b4d3cdc0036182f163f1e8ce8a37ec3_640.jpg,monicore,1499084,4008,2951,150,110,640,471,3280928,"cat, ragdoll, resting",420,158,11,4,1499084,monicore,https://pixabay.com/photos/cat-ragdoll-resting-kitten-kitty-4166368/,https://cdn.pixabay.com/photo/2019/04/29/15/28/cat-4166368_150.jpg,https://cdn.pixabay.com/user/2019/12/14/18-53-29-501_250x250.png,https://pixabay.com/get/gb4cc5e4e8c5bea5d8f0d412ceb82a43d0eabd2bec7e10ac6a2146166d74260f06e11306ffc7bf2bd604c4f932787a4e60b4d3cdc0036182f163f1e8ce8a37ec3_640.jpg
209304,Bluesnap,"cat, kitten, white and grey","cat, kitten, white and grey",https://pixabay.com/get/g90ce8e6b6ea01fbca77b82614ae8576155e242ed08e4b0281020c82672fcea172f098eeaeadfeadd241c35e9a631adff_640.jpg,Bluesnap,43950,3648,2736,150,112,640,480,2215284,"cat, kitten, white and grey",2931,433,5,1,43950,Bluesnap,https://pixabay.com/photos/cat-kitten-white-and-grey-soft-209304/,https://cdn.pixabay.com/photo/2013/11/12/11/12/cat-209304_150.jpg,https://cdn.pixabay.com/user/2021/05/07/21-41-05-79_250x250.jpg,https://pixabay.com/get/g90ce8e6b6ea01fbca77b82614ae8576155e242ed08e4b0281020c82672fcea172f098eeaeadfeadd241c35e9a631adff_640.jpg
2139163,woodsilver,"cat, ragdoll, blue eyes","cat, ragdoll, blue eyes",https://pixabay.com/get/gfe28d8a64caf0c21380eb590be6e5e4192539aa570f7a9222ed28e52381844ec630c1d0df2f2c9388c716ab86c2cecce6992db600dae6b5bdc7731049530206b_640.jpg,woodsilver,4045569,1960,1349,150,103,640,440,433428,"cat, ragdoll, blue eyes",1025,239,11,0,4045569,woodsilver,https://pixabay.com/photos/cat-ragdoll-blue-eyes-portrait-2139163/,https://cdn.pixabay.com/photo/2017/03/13/09/32/cat-2139163_150.jpg,,https://pixabay.com/get/gfe28d8a64caf0c21380eb590be6e5e4192539aa570f7a9222ed28e52381844ec630c1d0df2f2c9388c716ab86c2cecce6992db600dae6b5bdc7731049530206b_640.jpg
1663461,NadineDoerle,"alsace, doll, alsatian doll","alsace, doll, alsatian doll",https://pixabay.com/get/g5ad68cb4fa559749a223217394f3726a5779e319254a90756d4ff8c10a78b0a847c27f533d174f8bb76f6c1dc120d8d602d20f93aa704fce43e45291a037e567_640.jpg,NadineDoerle,1421566,4928,3264,150,99,640,423,2353403,"alsace, doll, alsatian doll",3678,1471,14,0,1421566,NadineDoerle,https://pixabay.com/photos/alsace-doll-alsatian-doll-1663461/,https://cdn.pixabay.com/photo/2016/09/12/10/18/alsace-1663461_150.jpg,https://cdn.pixabay.com/user/2016/02/06/15-26-16-256_250x250.jpg,https://pixabay.com/get/g5ad68cb4fa559749a223217394f3726a5779e319254a90756d4ff8c10a78b0a847c27f533d174f8bb76f6c1dc120d8d602d20f93aa704fce43e45291a037e567_640.jpg
6342816,孟想家,"cat, ragdoll, pet","cat, ragdoll, pet",https://pixabay.com/get/gc01c7b09a2196caaa24db9a3dbb33f7b0dec43f3e8e6452b88938b822d035b37510e3cb8addefc072c85020189893cf5ae79e0aa5f0075f4fdd24030b7ec6ae3_640.jpg,孟想家,14625477,7952,4472,150,84,640,360,6979143,"cat, ragdoll, pet",572,440,9,0,14625477,孟想家,https://pixabay.com/photos/cat-ragdoll-pet-animal-fur-feline-6342816/,https://cdn.pixabay.com/photo/2021/06/17/05/41/cat-6342816_150.jpg,https://cdn.pixabay.com/user/2022/03/10/07-51-34-544_250x250.jpg,https://pixabay.com/get/gc01c7b09a2196caaa24db9a3dbb33f7b0dec43f3e8e6452b88938b822d035b37510e3cb8addefc072c85020189893cf5ae79e0aa5f0075f4fdd24030b7ec6ae3_640.jpg
209308,Bluesnap,"cat, kitten, white and grey","cat, kitten, white and grey",https://pixabay.com/get/gfc047a1efbd75874f5fa8129b02e5d43da9d9cf08c77b7aa711b816ec02f7434a4c327fd360b8b5f06740298eacd3d5a_640.jpg,Bluesnap,43950,3648,2736,150,112,640,480,2396092,"cat, kitten, white and grey",3019,478,11,3,43950,Bluesnap,https://pixabay.com/photos/cat-kitten-white-and-grey-soft-209308/,https://cdn.pixabay.com/photo/2013/11/12/11/15/cat-209308_150.jpg,https://cdn.pixabay.com/user/2021/05/07/21-41-05-79_250x250.jpg,https://pixabay.com/get/gfc047a1efbd75874f5fa8129b02e5d43da9d9cf08c77b7aa711b816ec02f7434a4c327fd360b8b5f06740298eacd3d5a_640.jpg
2023655,SiNoMo,"ragdoll, blue eyes, eye","ragdoll, blue eyes, eye",https://pixabay.com/get/ga38ffe99944233cac43fdd2cac5c2ac663df09fa0b234ab3218a75eadfb76f6373a6c3e29072ae9ff82e4b057ebdd282044acd8c1fa52f3930ddc3009ae2664b_640.jpg,SiNoMo,544241,4272,2848,150,99,640,426,2604518,"ragdoll, blue eyes, eye",1700,584,11,0,544241,SiNoMo,https://pixabay.com/photos/ragdoll-blue-eyes-eye-cat-kitten-2023655/,https://cdn.pixabay.com/photo/2017/01/31/11/15/ragdoll-2023655_150.jpg,https://cdn.pixabay.com/user/2015/03/31/17-16-53-780_250x250.jpg,https://pixabay.com/get/ga38ffe99944233cac43fdd2cac5c2ac663df09fa0b234ab3218a75eadfb76f6373a6c3e29072ae9ff82e4b057ebdd282044acd8c1fa52f3930ddc3009ae2664b_640.jpg
4996782,swiatowskaagata,"ragdoll, ragdoll cat, kitty","ragdoll, ragdoll cat, kitty",https://pixabay.com/get/g6f51d5dfe8291eef34478510d0633d53318011084091db854a28bd574f86624e592de0cc64abf7d08a79cb5d2704bda69cbdba8b56488844611f5f71352777a4_640.jpg,swiatowskaagata,12908115,3284,3526,140,150,596,640,2763862,"ragdoll, ragdoll cat, kitty",859,349,7,1,12908115,swiatowskaagata,https://pixabay.com/photos/ragdoll-ragdoll-cat-kitty-feline-4996782/,https://cdn.pixabay.com/photo/2020/04/02/21/48/ragdoll-4996782_150.jpg,https://cdn.pixabay.com/user/2019/06/29/12-26-15-860_250x250.jpg,https://pixabay.com/get/g6f51d5dfe8291eef34478510d0633d53318011084091db854a28bd574f86624e592de0cc64abf7d08a79cb5d2704bda69cbdba8b56488844611f5f71352777a4_640.jpg
3523834,Blue-Heaven,"ragdoll, cat, pet","ragdoll, cat, pet",https://pixabay.com/get/g3b355c092bde456fd01ebc6e188a33ab5a7cb31d235cc1582fab8eeb46f533ce300fd184580af2c604abc0aaa191084a2a862c6bb0d342dd98cb2b8817afd10d_640.jpg,Blue-Heaven,6316585,4000,6000,100,150,426,640,4340842,"ragdoll, cat, pet",1198,566,9,0,6316585,Blue-Heaven,https://pixabay.com/photos/ragdoll-cat-pet-hairy-kitten-3523834/,https://cdn.pixabay.com/photo/2018/07/08/13/01/ragdoll-3523834_150.jpg,https://cdn.pixabay.com/user/2017/08/31/20-18-51-273_250x250.jpg,https://pixabay.com/get/g3b355c092bde456fd01ebc6e188a33ab5a7cb31d235cc1582fab8eeb46f533ce300fd184580af2c604abc0aaa191084a2a862c6bb0d342dd98cb2b8817afd10d_640.jpg
5177215,Jeannette1980,"sacred birman, cat, ragdoll","sacred birman, cat, ragdoll",https://pixabay.com/get/g58c10071023b83748422f67e11011b325d4b68085ac54ad03110e56b0b202ec343addc61de77f34a4df39f0a16ab8667045476f66bcdd0b543d37b582de2c180_640.jpg,Jeannette1980,15621666,4752,3168,150,100,640,427,4127050,"sacred birman, cat, ragdoll",1166,651,10,0,15621666,Jeannette1980,https://pixabay.com/photos/sacred-birman-cat-ragdoll-5177215/,https://cdn.pixabay.com/photo/2020/05/16/11/42/sacred-birman-5177215_150.jpg,https://cdn.pixabay.com/user/2020/03/16/16-41-50-308_250x250.jpg,https://pixabay.com/get/g58c10071023b83748422f67e11011b325d4b68085ac54ad03110e56b0b202ec343addc61de77f34a4df39f0a16ab8667045476f66bcdd0b543d37b582de2c180_640.jpg
6475711,MeganLeeB,"cat, pet, ragdoll","cat, pet, ragdoll",https://pixabay.com/get/g447d36c3877a4cecf48901fa3b6c0284ccc79c1269c34a8f0ff1c47e6050ae121164e8ca3575ae8a27ed5dd2d1d606a25e06054d5fcb0179c02a8d791444811b_640.jpg,MeganLeeB,18040170,3060,2448,150,120,640,512,1694864,"cat, pet, ragdoll",588,448,10,5,18040170,MeganLeeB,https://pixabay.com/photos/cat-pet-ragdoll-feline-animal-6475711/,https://cdn.pixabay.com/photo/2021/07/18/14/25/cat-6475711_150.jpg,https://cdn.pixabay.com/user/2021/07/18/15-28-23-835_250x250.jpg,https://pixabay.com/get/g447d36c3877a4cecf48901fa3b6c0284ccc79c1269c34a8f0ff1c47e6050ae121164e8ca3575ae8a27ed5dd2d1d606a25e06054d5fcb0179c02a8d791444811b_640.jpg
4996798,swiatowskaagata,"ragdoll, ragdoll cat, kitten","ragdoll, ragdoll cat, kitten",https://pixabay.com/get/ga28df93e790744c17cc12ac3d928147f1a80e86f98bda3cb2ba604ed9f1b61a203b01edcb1801e2177add84ce1f1f0fe12eb8ac4f47ce3b6f59cfbbe49bd12fd_640.jpg,swiatowskaagata,12908115,2584,3584,108,150,461,640,2320418,"ragdoll, ragdoll cat, kitten",557,327,10,2,12908115,swiatowskaagata,https://pixabay.com/photos/ragdoll-ragdoll-cat-kitten-animal-4996798/,https://cdn.pixabay.com/photo/2020/04/02/21/52/ragdoll-4996798_150.jpg,https://cdn.pixabay.com/user/2019/06/29/12-26-15-860_250x250.jpg,https://pixabay.com/get/ga28df93e790744c17cc12ac3d928147f1a80e86f98bda3cb2ba604ed9f1b61a203b01edcb1801e2177add84ce1f1f0fe12eb8ac4f47ce3b6f59cfbbe49bd12fd_640.jpg
5223217,Jeannette1980,"cat, burma, domestic cat","cat, burma, domestic cat",https://pixabay.com/get/g656d13c69b1735735d865233117706a8acac2ee894f8e95e88584adb0c36cf96876eafa953ab515127d22637e8e1e1f143f7dc9a341157649cec574e9c41ca4f_640.jpg,Jeannette1980,15621666,4752,3168,150,100,640,427,3780966,"cat, burma, domestic cat",594,363,14,0,15621666,Jeannette1980,https://pixabay.com/photos/cat-burma-domestic-cat-animal-5223217/,https://cdn.pixabay.com/photo/2020/05/26/14/07/cat-5223217_150.jpg,https://cdn.pixabay.com/user/2020/03/16/16-41-50-308_250x250.jpg,https://pixabay.com/get/g656d13c69b1735735d865233117706a8acac2ee894f8e95e88584adb0c36cf96876eafa953ab515127d22637e8e1e1f143f7dc9a341157649cec574e9c41ca4f_640.jpg
5019857,Flotograph,"cat, white, kitten","cat, white, kitten",https://pixabay.com/get/gfffcbe22faf35213ccb78ea8ead22878a6db8376359dc9e5276e085b80e0577831d6fe27b52a1d7c0df50d7463f9982cb85d7f16cc6ca76bbd0643b9fc93b98e_640.jpg,Flotograph,15626975,6000,4000,150,100,640,427,8894239,"cat, white, kitten",820,490,7,1,15626975,Flotograph,https://pixabay.com/photos/cat-white-kitten-feline-cute-5019857/,https://cdn.pixabay.com/photo/2020/04/09/06/05/cat-5019857_150.jpg,https://cdn.pixabay.com/user/2020/03/21/14-13-01-921_250x250.jpeg,https://pixabay.com/get/gfffcbe22faf35213ccb78ea8ead22878a6db8376359dc9e5276e085b80e0577831d6fe27b52a1d7c0df50d7463f9982cb85d7f16cc6ca76bbd0643b9fc93b98e_640.jpg
4355622,natlas,"cat, ragdoll cat, animal","cat, ragdoll cat, animal",https://pixabay.com/get/g9fdfda1d04ece26b5ad775d246d30e3821e50affbbb475f194f683d5fc93eb7bce3d670637ede8cb0885d07161ea054452ff3eb456750879159ebbfae3fa659f_640.jpg,natlas,13105549,6016,3384,150,84,640,360,4736047,"cat, ragdoll cat, animal",708,355,7,0,13105549,natlas,https://pixabay.com/photos/cat-ragdoll-cat-animal-pet-feline-4355622/,https://cdn.pixabay.com/photo/2019/07/22/17/13/cat-4355622_150.jpg,https://cdn.pixabay.com/user/2019/07/22/16-53-50-754_250x250.jpg,https://pixabay.com/get/g9fdfda1d04ece26b5ad775d246d30e3821e50affbbb475f194f683d5fc93eb7bce3d670637ede8cb0885d07161ea054452ff3eb456750879159ebbfae3fa659f_640.jpg
6473773,MeganLeeB,"cat, animal, ragdoll cat","cat, animal, ragdoll cat",https://pixabay.com/get/gbe52cadf928fa6531e34182b769539b2698e9bc86004a786ceb1385cb9994cbf6ea2910b7a1804299d3c8a6bc7900b048924197defaa904e3519cd474b8260c0_640.jpg,MeganLeeB,18040170,3000,2400,150,120,640,512,765604,"cat, animal, ragdoll cat",648,561,6,4,18040170,MeganLeeB,https://pixabay.com/photos/cat-animal-ragdoll-cat-cute-kitten-6473773/,https://cdn.pixabay.com/photo/2021/07/17/19/08/cat-6473773_150.jpg,https://cdn.pixabay.com/user/2021/07/18/15-28-23-835_250x250.jpg,https://pixabay.com/get/gbe52cadf928fa6531e34182b769539b2698e9bc86004a786ceb1385cb9994cbf6ea2910b7a1804299d3c8a6bc7900b048924197defaa904e3519cd474b8260c0_640.jpg
2879428,aliceneunzehn,"cat, ragdoll, kitten","cat, ragdoll, kitten",https://pixabay.com/get/g11351ba29ebb926ea4ac423285b25c0d5c2b93b279147844bf489df80e333e0d6e88d27b80aa9b1c4bc82392853a8316f117022ed16d27bec95555b685657dd0_640.jpg,aliceneunzehn,5418643,4872,2598,150,79,640,341,1876574,"cat, ragdoll, kitten",724,268,6,0,5418643,aliceneunzehn,https://pixabay.com/photos/cat-ragdoll-kitten-cute-sweet-2879428/,https://cdn.pixabay.com/photo/2017/10/22/21/59/cat-2879428_150.jpg,https://cdn.pixabay.com/user/2017/05/20/20-00-49-906_250x250.jpg,https://pixabay.com/get/g11351ba29ebb926ea4ac423285b25c0d5c2b93b279147844bf489df80e333e0d6e88d27b80aa9b1c4bc82392853a8316f117022ed16d27bec95555b685657dd0_640.jpg
6468957,GGP_Music,"kitten, ragdoll, pet","kitten, ragdoll, pet",https://pixabay.com/get/g787a31eed33de9f7658c39e6684f5872141e7891797a31aa5e1451880d69a5567f7b6e6e6eb71bc8668bd6d6d2d7edb7af0dec80836bd235c55112fbffd504fd_640.jpg,GGP_Music,22429998,3072,2048,150,100,640,427,2015264,"kitten, ragdoll, pet",535,423,4,0,22429998,GGP_Music,https://pixabay.com/photos/kitten-ragdoll-pet-feline-animal-6468957/,https://cdn.pixabay.com/photo/2021/07/15/16/34/kitten-6468957_150.jpg,https://cdn.pixabay.com/user/2021/07/09/14-09-40-593_250x250.jpg,https://pixabay.com/get/g787a31eed33de9f7658c39e6684f5872141e7891797a31aa5e1451880d69a5567f7b6e6e6eb71bc8668bd6d6d2d7edb7af0dec80836bd235c55112fbffd504fd_640.jpg
4306108,swiatowskaagata,"ragdoll, cat, kittens","ragdoll, cat, kittens",https://pixabay.com/get/g2bff45bcb4d94f1a26d143ecefd644649a7c2271987848ccdf1b11ef86369cb5149f669578fefb5cb0b01146537a92f9d4365dc8f86eb6d94ddb60060a84d01f_640.jpg,swiatowskaagata,12908115,2569,3941,97,150,417,640,2263953,"ragdoll, cat, kittens",466,236,12,0,12908115,swiatowskaagata,https://pixabay.com/photos/ragdoll-cat-kittens-kitten-pet-4306108/,https://cdn.pixabay.com/photo/2019/06/29/12/12/ragdoll-4306108_150.jpg,https://cdn.pixabay.com/user/2019/06/29/12-26-15-860_250x250.jpg,https://pixabay.com/get/g2bff45bcb4d94f1a26d143ecefd644649a7c2271987848ccdf1b11ef86369cb5149f669578fefb5cb0b01146537a92f9d4365dc8f86eb6d94ddb60060a84d01f_640.jpg
6945892,Lena_cs,"animal, cat, feline","animal, cat, feline",https://pixabay.com/get/g65a7b85692e4dd8e021b7872cba99a1bd5c7f11c27566df2f6d411e39b8a0f0cec578e0e2cc779f1767031d9a73eb68dcc5fa38307d5b995a65898172d4ef5c5_640.jpg,Lena_cs,25290403,3000,2000,150,100,640,427,1218798,"animal, cat, feline",282,201,3,0,25290403,Lena_cs,https://pixabay.com/photos/animal-cat-feline-breed-ragdoll-6945892/,https://cdn.pixabay.com/photo/2022/01/17/22/18/animal-6945892_150.jpg,https://cdn.pixabay.com/user/2022/01/17/21-49-50-888_250x250.jpeg,https://pixabay.com/get/g65a7b85692e4dd8e021b7872cba99a1bd5c7f11c27566df2f6d411e39b8a0f0cec578e0e2cc779f1767031d9a73eb68dcc5fa38307d5b995a65898172d4ef5c5_640.jpg
209306,Bluesnap,"cat, kitten, face","cat, kitten, face",https://pixabay.com/get/g76187fea1e1d7a03ef9054ba34b107bf876b69ebfc8234bb6d47f398a47618c96fb562dd085625d16dd0dcafef24ec7c_640.jpg,Bluesnap,43950,3648,2736,150,112,640,480,2134609,"cat, kitten, face",5000,768,12,0,43950,Bluesnap,https://pixabay.com/photos/cat-kitten-face-whiskers-209306/,https://cdn.pixabay.com/photo/2013/11/12/11/14/cat-209306_150.jpg,https://cdn.pixabay.com/user/2021/05/07/21-41-05-79_250x250.jpg,https://pixabay.com/get/g76187fea1e1d7a03ef9054ba34b107bf876b69ebfc8234bb6d47f398a47618c96fb562dd085625d16dd0dcafef24ec7c_640.jpg
4214912,monicore,"cat, ragdoll, kitten","cat, ragdoll, kitten",https://pixabay.com/get/gbf0a7b57b1434e3d25462623f40f39c72821ba01fbf10fa0ca1f6c586a4d270503a2777785af48fb3b848b7d9d128e4ef512f497d1bd6d9d5292fccb5b708417_640.jpg,monicore,1499084,4516,3015,150,100,640,427,2959044,"cat, ragdoll, kitten",446,168,9,2,1499084,monicore,https://pixabay.com/photos/cat-ragdoll-kitten-kitty-pet-4214912/,https://cdn.pixabay.com/photo/2019/05/19/19/21/cat-4214912_150.jpg,https://cdn.pixabay.com/user/2019/12/14/18-53-29-501_250x250.png,https://pixabay.com/get/gbf0a7b57b1434e3d25462623f40f39c72821ba01fbf10fa0ca1f6c586a4d270503a2777785af48fb3b848b7d9d128e4ef512f497d1bd6d9d5292fccb5b708417_640.jpg
4048070,rdlaw,"cat, feline, feral","cat, feline, feral",https://pixabay.com/get/g12967fc9beb34b639ea5fb748ef6f77baf996f0210f452631a79582cf388e113b338c9f72bc8104d432369538e1ca7113f2cb0798949b908dfc1fb374f8dbf18_640.jpg,rdlaw,10461825,4000,4000,150,150,640,640,6924365,"cat, feline, feral",1834,1179,11,8,10461825,rdlaw,https://pixabay.com/photos/cat-feline-feral-animal-domestic-4048070/,https://cdn.pixabay.com/photo/2019/03/11/08/36/cat-4048070_150.jpg,https://cdn.pixabay.com/user/2020/07/01/09-35-32-914_250x250.jpg,https://pixabay.com/get/g12967fc9beb34b639ea5fb748ef6f77baf996f0210f452631a79582cf388e113b338c9f72bc8104d432369538e1ca7113f2cb0798949b908dfc1fb374f8dbf18_640.jpg
5068229,michi2084,"cat, animal, eyes","cat, animal, eyes",https://pixabay.com/get/g2500fbc4d6d44b154039e0954fbbae0614e6a121535cf052e221a58b4fd19ce2855d39c7a99e7bd2e5f7201f382796bd74b2681793ab343e0bb5ab7e1be7c1af_640.jpg,michi2084,15862729,5724,4000,150,105,640,447,4337482,"cat, animal, eyes",456,280,8,0,15862729,michi2084,https://pixabay.com/photos/cat-animal-eyes-cute-kitten-5068229/,https://cdn.pixabay.com/photo/2020/04/20/13/11/cat-5068229_150.jpg,https://cdn.pixabay.com/user/2020/04/20/12-56-19-258_250x250.jpg,https://pixabay.com/get/g2500fbc4d6d44b154039e0954fbbae0614e6a121535cf052e221a58b4fd19ce2855d39c7a99e7bd2e5f7201f382796bd74b2681793ab343e0bb5ab7e1be7c1af_640.jpg
3528620,Blue-Heaven,"ragdoll, kitten, pet","ragdoll, kitten, pet",https://pixabay.com/get/gcbb379a3890085ed946ddc083e3ab2971eed9b6477bbfc0afef02986f47ed5b9e12e882177bc121f0fe089533fa383b5f5572bc1235875883ec20b80b6a0d4f7_640.jpg,Blue-Heaven,6316585,6000,4000,150,99,640,426,2899251,"ragdoll, kitten, pet",447,149,4,0,6316585,Blue-Heaven,https://pixabay.com/photos/ragdoll-kitten-pet-ragdoll-ragdoll-3528620/,https://cdn.pixabay.com/photo/2018/07/10/12/52/ragdoll-3528620_150.jpg,https://cdn.pixabay.com/user/2017/08/31/20-18-51-273_250x250.jpg,https://pixabay.com/get/gcbb379a3890085ed946ddc083e3ab2971eed9b6477bbfc0afef02986f47ed5b9e12e882177bc121f0fe089533fa383b5f5572bc1235875883ec20b80b6a0d4f7_640.jpg
5770581,Kanashi,"cat, feline, ragdoll","cat, feline, ragdoll",https://pixabay.com/get/g118d55032afd3a5214ab9d0daf4c788dbb79173d5b395a5ce421cb711b32a8ed052fc96a0853e0a2b8ff0676f73599fe8f4cd55a1b6400533041e7ac9f3ae132_640.jpg,Kanashi,9633751,2764,4146,100,150,427,640,1181280,"cat, feline, ragdoll",1727,1590,10,1,9633751,Kanashi,https://pixabay.com/photos/cat-feline-ragdoll-pet-domestic-5770581/,https://cdn.pixabay.com/photo/2020/11/23/18/14/cat-5770581_150.jpg,https://cdn.pixabay.com/user/2020/11/29/14-11-54-730_250x250.jpeg,https://pixabay.com/get/g118d55032afd3a5214ab9d0daf4c788dbb79173d5b395a5ce421cb711b32a8ed052fc96a0853e0a2b8ff0676f73599fe8f4cd55a1b6400533041e7ac9f3ae132_640.jpg
5390570,Dan-Kra,"cat, ragdoll, animal","cat, ragdoll, animal",https://pixabay.com/get/gff4b2c5df283d9c0045b01c2c6f76fd476fdb6087062e66e5e340c7b53312d6fd86941e17d63658ada7eea0f142dca100b7adb128a9d577e5eac2f08de6f2f1b_640.jpg,Dan-Kra,17418571,3259,4888,100,150,427,640,1987463,"cat, ragdoll, animal",789,680,9,1,17418571,Dan-Kra,https://pixabay.com/photos/cat-ragdoll-animal-pet-blue-cute-5390570/,https://cdn.pixabay.com/photo/2020/07/10/12/40/cat-5390570_150.jpg,https://cdn.pixabay.com/user/2020/07/10/11-54-29-293_250x250.jpg,https://pixabay.com/get/gff4b2c5df283d9c0045b01c2c6f76fd476fdb6087062e66e5e340c7b53312d6fd86941e17d63658ada7eea0f142dca100b7adb128a9d577e5eac2f08de6f2f1b_640.jpg
5198690,Flotograph,"cat, nose, animal","cat, nose, animal",https://pixabay.com/get/g5341d8c63ea39b8b62ca9600979f3272a5ff7a161e85cb96b2fc70d3e2b0062f0ce71f24d9dc525a4ae4758482efdbddea8e6bc8a1119bad25debd84b13cb64b_640.jpg,Flotograph,15626975,6000,4000,150,100,640,427,7457800,"cat, nose, animal",302,167,5,0,15626975,Flotograph,https://pixabay.com/photos/cat-nose-animal-pet-kitten-feline-5198690/,https://cdn.pixabay.com/photo/2020/05/21/00/41/cat-5198690_150.jpg,https://cdn.pixabay.com/user/2020/03/21/14-13-01-921_250x250.jpeg,https://pixabay.com/get/g5341d8c63ea39b8b62ca9600979f3272a5ff7a161e85cb96b2fc70d3e2b0062f0ce71f24d9dc525a4ae4758482efdbddea8e6bc8a1119bad25debd84b13cb64b_640.jpg
6468954,GGP_Music,"kitten, ragdoll, pet","kitten, ragdoll, pet",https://pixabay.com/get/ga927518e58d469a0616785729bbca43ae4322f0a8b1669f9073333c027949293a5fdea242bd57cebe66d19fd824c7d4e97dd1c579503ba02635d6f9bbf97988a_640.jpg,GGP_Music,22429998,3072,2048,150,100,640,427,1874246,"kitten, ragdoll, pet",632,512,7,5,22429998,GGP_Music,https://pixabay.com/photos/kitten-ragdoll-pet-feline-animal-6468954/,https://cdn.pixabay.com/photo/2021/07/15/16/33/kitten-6468954_150.jpg,https://cdn.pixabay.com/user/2021/07/09/14-09-40-593_250x250.jpg,https://pixabay.com/get/ga927518e58d469a0616785729bbca43ae4322f0a8b1669f9073333c027949293a5fdea242bd57cebe66d19fd824c7d4e97dd1c579503ba02635d6f9bbf97988a_640.jpg
4201076,monicore,"cat, kitten, ragdoll","cat, kitten, ragdoll",https://pixabay.com/get/gfc81a1f116de68b0981883f9354a7e2f02cbed82d79f0711cb6f2b6e29a0db2703d3eecc5d1342810fb004947301e556cf2691fd5edbbb9a2077ecf7c55f0b5a_640.jpg,monicore,1499084,3016,4518,100,150,427,640,3286859,"cat, kitten, ragdoll",348,166,7,1,1499084,monicore,https://pixabay.com/photos/cat-kitten-ragdoll-sun-relaxed-4201076/,https://cdn.pixabay.com/photo/2019/05/13/22/44/cat-4201076_150.jpg,https://cdn.pixabay.com/user/2019/12/14/18-53-29-501_250x250.png,https://pixabay.com/get/gfc81a1f116de68b0981883f9354a7e2f02cbed82d79f0711cb6f2b6e29a0db2703d3eecc5d1342810fb004947301e556cf2691fd5edbbb9a2077ecf7c55f0b5a_640.jpg
5003054,thessa_vanduinen,"cat, ragdoll, pet","cat, ragdoll, pet",https://pixabay.com/get/gcf13aeee95c60c9ca8f6f2ea5270b705cd639cab04cc7e662e57ff473fbb1dbb1e8fb112f7738bca3ac64fc2cbc60a34c7bad9119bb879ca50af0d0326bc150c_640.jpg,thessa_vanduinen,15661065,4429,2953,150,100,640,427,3736917,"cat, ragdoll, pet",291,159,2,0,15661065,thessa_vanduinen,https://pixabay.com/photos/cat-ragdoll-pet-blue-eyes-portrait-5003054/,https://cdn.pixabay.com/photo/2020/04/04/16/50/cat-5003054_150.jpg,https://cdn.pixabay.com/user/2020/03/19/16-10-44-851_250x250.jpg,https://pixabay.com/get/gcf13aeee95c60c9ca8f6f2ea5270b705cd639cab04cc7e662e57ff473fbb1dbb1e8fb112f7738bca3ac64fc2cbc60a34c7bad9119bb879ca50af0d0326bc150c_640.jpg
4507150,Anita_Morgan,"cat, tiger, leo","cat, tiger, leo",https://pixabay.com/get/g6907a1ceac8ca33a16dd1c5de5f9998bce08655839e8e9f4b47c667df0f30effff6e00b6ce044412cd65be1f3d8b3bbdf905efb4f2ff145697c553154c3b8e4a_640.jpg,Anita_Morgan,7924857,5184,3456,150,99,640,426,2916158,"cat, tiger, leo",1118,656,7,0,7924857,Anita_Morgan,https://pixabay.com/photos/cat-tiger-leo-ragdoll-siamese-4507150/,https://cdn.pixabay.com/photo/2019/09/26/22/05/cat-4507150_150.jpg,https://cdn.pixabay.com/user/2018/02/03/20-19-05-334_250x250.jpg,https://pixabay.com/get/g6907a1ceac8ca33a16dd1c5de5f9998bce08655839e8e9f4b47c667df0f30effff6e00b6ce044412cd65be1f3d8b3bbdf905efb4f2ff145697c553154c3b8e4a_640.jpg
5014712,BARBARA808,"ragdoll, cat, race","ragdoll, cat, race",https://pixabay.com/get/g8c8de4dedef1f7ca6b4582fd33ceb6dfd08791b1867c3508418d9fdff5b88ad28c813796cd45e6d50ff68b3d4a09a6c93474198f0012073919698cec2903c7cc_640.jpg,BARBARA808,2692110,3008,2000,150,100,640,426,915423,"ragdoll, cat, race",350,185,2,0,2692110,BARBARA808,https://pixabay.com/photos/ragdoll-cat-race-pet-animal-hairy-5014712/,https://cdn.pixabay.com/photo/2020/04/07/20/03/ragdoll-5014712_150.jpg,https://cdn.pixabay.com/user/2021/02/07/12-36-34-851_250x250.jpg,https://pixabay.com/get/g8c8de4dedef1f7ca6b4582fd33ceb6dfd08791b1867c3508418d9fdff5b88ad28c813796cd45e6d50ff68b3d4a09a6c93474198f0012073919698cec2903c7cc_640.jpg
5014713,BARBARA808,"ragdoll, cat, cats","ragdoll, cat, cats",https://pixabay.com/get/g8a8b88191a46340f80c3fdd6f4816cfad784d00639d4f9ace722c6e954e64965a55e2dd2f32bb493f65bf5fb74f5ebe770a15c7229dddb3d703c28e81c0a116e_640.jpg,BARBARA808,2692110,3008,2000,150,100,640,426,920308,"ragdoll, cat, cats",292,177,2,0,2692110,BARBARA808,https://pixabay.com/photos/ragdoll-cat-cats-pet-animal-hairy-5014713/,https://cdn.pixabay.com/photo/2020/04/07/20/03/ragdoll-5014713_150.jpg,https://cdn.pixabay.com/user/2021/02/07/12-36-34-851_250x250.jpg,https://pixabay.com/get/g8a8b88191a46340f80c3fdd6f4816cfad784d00639d4f9ace722c6e954e64965a55e2dd2f32bb493f65bf5fb74f5ebe770a15c7229dddb3d703c28e81c0a116e_640.jpg
6468955,GGP_Music,"kitten, ragdoll, pet","kitten, ragdoll, pet",https://pixabay.com/get/ge807f7fd83ff9a179b638af5a36d63ad916ffd9194c22867bbb0f56f57a986adc4c345024986d6729446a7bf90c093a63fe6ac766fe3fe0ab3c04a0dc140bbea_640.jpg,GGP_Music,22429998,3072,2048,150,100,640,427,1850971,"kitten, ragdoll, pet",374,330,1,1,22429998,GGP_Music,https://pixabay.com/photos/kitten-ragdoll-pet-feline-animal-6468955/,https://cdn.pixabay.com/photo/2021/07/15/16/33/kitten-6468955_150.jpg,https://cdn.pixabay.com/user/2021/07/09/14-09-40-593_250x250.jpg,https://pixabay.com/get/ge807f7fd83ff9a179b638af5a36d63ad916ffd9194c22867bbb0f56f57a986adc4c345024986d6729446a7bf90c093a63fe6ac766fe3fe0ab3c04a0dc140bbea_640.jpg
3297476,Anita_Morgan,"animals, cat, cute","animals, cat, cute",https://pixabay.com/get/gc3ecfa8e3aab6eb25c99571e3581abb9f6d6363f411c5e3f3afded95e97c818a735323460cd6943b3f1c3cb5e56cc9b2c7baa1555f11475936239f601ad723d9_640.jpg,Anita_Morgan,7924857,5184,3456,150,99,640,426,3768050,"animals, cat, cute",728,356,4,0,7924857,Anita_Morgan,https://pixabay.com/photos/animals-cat-cute-pet-mammals-3297476/,https://cdn.pixabay.com/photo/2018/04/07/00/21/animals-3297476_150.jpg,https://cdn.pixabay.com/user/2018/02/03/20-19-05-334_250x250.jpg,https://pixabay.com/get/gc3ecfa8e3aab6eb25c99571e3581abb9f6d6363f411c5e3f3afded95e97c818a735323460cd6943b3f1c3cb5e56cc9b2c7baa1555f11475936239f601ad723d9_640.jpg
1101064,markusvb,"cat, ragdoll, kitten","cat, ragdoll, kitten",https://pixabay.com/get/gd531ea763afecfb321af39342ed75b95e86ee620e6182d6b38dbdeffb1743be99f6217ef13e90ec3f8ffe6926e173d2fd355398b6aba3dac68833320906c5801_640.jpg,markusvb,151640,5456,3632,150,99,640,426,1430460,"cat, ragdoll, kitten",6287,1124,21,0,151640,markusvb,https://pixabay.com/photos/cat-ragdoll-kitten-ragdoll-ragdoll-1101064/,https://cdn.pixabay.com/photo/2015/12/20/12/36/cat-1101064_150.jpg,,https://pixabay.com/get/gd531ea763afecfb321af39342ed75b95e86ee620e6182d6b38dbdeffb1743be99f6217ef13e90ec3f8ffe6926e173d2fd355398b6aba3dac68833320906c5801_640.jpg
1717212,Kadisha,"cat, ragdoll, breed of cat","cat, ragdoll, breed of cat",https://pixabay.com/get/g62fa9cdffc9ba5bbd72c4f6d0e52290c2d634962d8da494a76399043d499d80576de84c14c29771446bd3f168802a6107f0f2d62a8babfbfdb2a9a03a90d95ff_640.jpg,Kadisha,3380544,3811,2752,150,108,640,462,1784436,"cat, ragdoll, breed of cat",1724,447,30,1,3380544,Kadisha,https://pixabay.com/photos/cat-ragdoll-breed-of-cat-blue-eyes-1717212/,https://cdn.pixabay.com/photo/2016/10/05/17/39/cat-1717212_150.jpg,https://cdn.pixabay.com/user/2016/10/04/22-06-50-599_250x250.jpg,https://pixabay.com/get/g62fa9cdffc9ba5bbd72c4f6d0e52290c2d634962d8da494a76399043d499d80576de84c14c29771446bd3f168802a6107f0f2d62a8babfbfdb2a9a03a90d95ff_640.jpg
1469107,lightinacube,"cat, ragdoll, cute","cat, ragdoll, cute",https://pixabay.com/get/g2a6642d10b69640341c3ef350d58ccc740fc8f12c8445fd0fb41f22a6c41cea2a8ddc55def1fed0cede411c7d77844d83a249c07c1088ed349a64836b8c280cf_640.jpg,lightinacube,2784432,2878,4308,100,150,428,640,3709797,"cat, ragdoll, cute",6495,812,21,0,2784432,lightinacube,https://pixabay.com/photos/cat-ragdoll-cute-thoroughbred-1469107/,https://cdn.pixabay.com/photo/2016/06/20/15/36/cat-1469107_150.jpg,https://cdn.pixabay.com/user/2016/06/20/15-28-49-370_250x250.jpg,https://pixabay.com/get/g2a6642d10b69640341c3ef350d58ccc740fc8f12c8445fd0fb41f22a6c41cea2a8ddc55def1fed0cede411c7d77844d83a249c07c1088ed349a64836b8c280cf_640.jpg
2105657,woodsilver,"cat, ragdoll cat, purebred","cat, ragdoll cat, purebred",https://pixabay.com/get/g17be54fbc7108a65cf3bc6a1b46e759de3bacd1e018cfddf98a51f3835461e39ba5e2c80fb6b204d8c3a8dc2c3eec35a7e64f4e680ffdb265e73841f5c261f9f_640.jpg,woodsilver,4045569,1920,1504,150,117,640,501,376801,"cat, ragdoll cat, purebred",2794,606,24,1,4045569,woodsilver,https://pixabay.com/photos/cat-ragdoll-cat-purebred-adorable-2105657/,https://cdn.pixabay.com/photo/2017/02/28/12/56/cat-2105657_150.jpg,,https://pixabay.com/get/g17be54fbc7108a65cf3bc6a1b46e759de3bacd1e018cfddf98a51f3835461e39ba5e2c80fb6b204d8c3a8dc2c3eec35a7e64f4e680ffdb265e73841f5c261f9f_640.jpg
4008189,mj102da,"cat, animal, ragdolls","cat, animal, ragdolls",https://pixabay.com/get/gbf1f769edb1b2cc14ba88e67f9cb7b547dc78f25efd6f71815e7a690e9bcee73c0ae0830220c6533134d996defcdb1fd1cea107766dd17b94a2c4766798c7613_640.jpg,mj102da,10285131,3080,3080,150,150,640,640,2252910,"cat, animal, ragdolls",1532,505,19,3,10285131,mj102da,https://pixabay.com/photos/cat-animal-ragdolls-ragdoll-cat-4008189/,https://cdn.pixabay.com/photo/2019/02/20/01/11/cat-4008189_150.jpg,https://cdn.pixabay.com/user/2018/10/02/12-26-50-764_250x250.png,https://pixabay.com/get/gbf1f769edb1b2cc14ba88e67f9cb7b547dc78f25efd6f71815e7a690e9bcee73c0ae0830220c6533134d996defcdb1fd1cea107766dd17b94a2c4766798c7613_640.jpg
3006654,imperialiss,"cat, ragdoll, animal","cat, ragdoll, animal",https://pixabay.com/get/g1eaac4c8da8f343faf69270dc6c5bae0a5b6f1f72430931048ff8e1472876e6fd08a067cb90b4cad0eb61cae1e4804020740dbf23a646bed171985ebbc31e8c7_640.jpg,imperialiss,7326687,3024,4032,112,150,480,640,1166810,"cat, ragdoll, animal",1402,587,17,2,7326687,imperialiss,https://pixabay.com/photos/cat-ragdoll-animal-kitten-blue-3006654/,https://cdn.pixabay.com/photo/2017/12/08/20/26/cat-3006654_150.jpg,,https://pixabay.com/get/g1eaac4c8da8f343faf69270dc6c5bae0a5b6f1f72430931048ff8e1472876e6fd08a067cb90b4cad0eb61cae1e4804020740dbf23a646bed171985ebbc31e8c7_640.jpg
6342823,孟想家,"ragdoll, cat, kitten","ragdoll, cat, kitten",https://pixabay.com/get/g3b76fbe198769cf64746faef7b944a6b4ab4e7b1e50683b9ac6c732f06892a50c70bf22c26ad04a5e4d525fa4209f7b1ac47155a94e3619b7ee73d6340285201_640.jpg,孟想家,14625477,7952,4472,150,84,640,360,6863410,"ragdoll, cat, kitten",454,225,17,1,14625477,孟想家,https://pixabay.com/photos/ragdoll-cat-kitten-pet-young-cat-6342823/,https://cdn.pixabay.com/photo/2021/06/17/05/42/ragdoll-6342823_150.jpg,https://cdn.pixabay.com/user/2022/03/10/07-51-34-544_250x250.jpg,https://pixabay.com/get/g3b76fbe198769cf64746faef7b944a6b4ab4e7b1e50683b9ac6c732f06892a50c70bf22c26ad04a5e4d525fa4209f7b1ac47155a94e3619b7ee73d6340285201_640.jpg
1726026,Kadisha,"cat, remote access, ragdoll","cat, remote access, ragdoll",https://pixabay.com/get/gff186c93b61fdf22d2303575769359e120ed1a4db64d5040a7df1dde89bbb549ce696061bb68266cfd953a0e9edb7dc872ddbc929175e4abb56e2aedb4e689a9_640.jpg,Kadisha,3380544,4423,3543,150,120,640,512,2955848,"cat, remote access, ragdoll",3231,493,17,0,3380544,Kadisha,https://pixabay.com/photos/cat-remote-access-ragdoll-pet-1726026/,https://cdn.pixabay.com/photo/2016/10/09/15/41/cat-1726026_150.jpg,https://cdn.pixabay.com/user/2016/10/04/22-06-50-599_250x250.jpg,https://pixabay.com/get/gff186c93b61fdf22d2303575769359e120ed1a4db64d5040a7df1dde89bbb549ce696061bb68266cfd953a0e9edb7dc872ddbc929175e4abb56e2aedb4e689a9_640.jpg
4306131,swiatowskaagata,"ragdoll, kitten, animal","ragdoll, kitten, animal",https://pixabay.com/get/g30dd065c6fb3dabe7a4daff28affbf6937865422299c470dbd00be169163727f5aaddcecb70cf7128e377f0cf5708bf03828289ae64444b24a38b54b3a1698c7_640.jpg,swiatowskaagata,12908115,4000,4957,120,150,516,640,5402034,"ragdoll, kitten, animal",534,249,17,1,12908115,swiatowskaagata,https://pixabay.com/photos/ragdoll-kitten-animal-love-pet-4306131/,https://cdn.pixabay.com/photo/2019/06/29/12/28/ragdoll-4306131_150.jpg,https://cdn.pixabay.com/user/2019/06/29/12-26-15-860_250x250.jpg,https://pixabay.com/get/g30dd065c6fb3dabe7a4daff28affbf6937865422299c470dbd00be169163727f5aaddcecb70cf7128e377f0cf5708bf03828289ae64444b24a38b54b3a1698c7_640.jpg
5479738,vlaaitje,"cat, feline, ragdoll","cat, feline, ragdoll",https://pixabay.com/get/g5f851e0fa2c2e4689a4742f8a6003fdb20e871b2027d88e9dcda33f90e1a5b909b45c24bddc15b43492261d9879080613708ff893f8e3b0c90317082c387759a_640.jpg,vlaaitje,1637107,4320,2880,150,100,640,427,1316849,"cat, feline, ragdoll",597,276,19,2,1637107,vlaaitje,https://pixabay.com/photos/cat-feline-ragdoll-kitty-kitten-5479738/,https://cdn.pixabay.com/photo/2020/08/11/11/58/cat-5479738_150.jpg,https://cdn.pixabay.com/user/2021/02/14/16-32-48-330_250x250.jpg,https://pixabay.com/get/g5f851e0fa2c2e4689a4742f8a6003fdb20e871b2027d88e9dcda33f90e1a5b909b45c24bddc15b43492261d9879080613708ff893f8e3b0c90317082c387759a_640.jpg
4552800,Ri_Ya,"hd wallpaper, ragdoll, cat","hd wallpaper, ragdoll, cat",https://pixabay.com/get/gb76422cc59e7479dd5571226021e712e76abffea615bc716ac655aa6dca59b1032e45ecb9ca29fbb4225c3598cc7463142e19da3b156ddc55b4f87862298748e_640.jpg,Ri_Ya,12911237,4994,3329,150,99,640,426,2703222,"hd wallpaper, ragdoll, cat",676,309,19,2,12911237,Ri_Ya,https://pixabay.com/photos/hd-wallpaper-ragdoll-cat-look-4552800/,https://cdn.pixabay.com/photo/2019/10/15/19/42/ragdoll-4552800_150.jpg,https://cdn.pixabay.com/user/2019/09/27/11-12-56-159_250x250.jpg,https://pixabay.com/get/gb76422cc59e7479dd5571226021e712e76abffea615bc716ac655aa6dca59b1032e45ecb9ca29fbb4225c3598cc7463142e19da3b156ddc55b4f87862298748e_640.jpg
6342825,孟想家,"ragdoll, cat, kitten","ragdoll, cat, kitten",https://pixabay.com/get/g9094f40de8d13fe67841cf8dfc6c2afbab834703ab9cbf40067d5debd0a584160431c8106e955f839b760ae4d35c76cf105603f1aa3b86ce808227b3aa1b4dce_640.jpg,孟想家,14625477,7952,4472,150,84,640,360,7083948,"ragdoll, cat, kitten",322,162,12,2,14625477,孟想家,https://pixabay.com/photos/ragdoll-cat-kitten-pet-young-cat-6342825/,https://cdn.pixabay.com/photo/2021/06/17/05/42/ragdoll-6342825_150.jpg,https://cdn.pixabay.com/user/2022/03/10/07-51-34-544_250x250.jpg,https://pixabay.com/get/g9094f40de8d13fe67841cf8dfc6c2afbab834703ab9cbf40067d5debd0a584160431c8106e955f839b760ae4d35c76cf105603f1aa3b86ce808227b3aa1b4dce_640.jpg
163908,PublicDomainPictures,"cute, cat, ragdoll","cute, cat, ragdoll",https://pixabay.com/get/g30885f2e4eb4a7dfa508c6f57cebecd09c3871cf179e913a04ff9250e45d8a23e225717ed40b143f8feddd77a5774b2e_640.jpg,PublicDomainPictures,14,1920,1440,150,112,640,480,707874,"cute, cat, ragdoll",3745,314,15,1,14,PublicDomainPictures,https://pixabay.com/photos/cute-cat-ragdoll-face-blue-eyes-163908/,https://cdn.pixabay.com/photo/2013/07/18/14/52/cute-163908_150.jpg,https://cdn.pixabay.com/user/2012/03/08/00-13-48-597_250x250.jpg,https://pixabay.com/get/g30885f2e4eb4a7dfa508c6f57cebecd09c3871cf179e913a04ff9250e45d8a23e225717ed40b143f8feddd77a5774b2e_640.jpg
4310152,atrix99,"cat, ragdoll, thoroughbred","cat, ragdoll, thoroughbred",https://pixabay.com/get/g4de672feaebb30df561d559f6417fd4d75bbc31d17e6f6ac78641c7783f7739ca8ad1c09d24407d74c500299d02a9c729707ca06d8216011b732534c729819a4_640.jpg,atrix99,11387251,5472,3080,150,84,640,360,2447178,"cat, ragdoll, thoroughbred",652,281,12,1,11387251,atrix99,https://pixabay.com/photos/cat-ragdoll-thoroughbred-animals-4310152/,https://cdn.pixabay.com/photo/2019/07/01/15/12/cat-4310152_150.jpg,https://cdn.pixabay.com/user/2021/11/22/23-00-11-862_250x250.jpg,https://pixabay.com/get/g4de672feaebb30df561d559f6417fd4d75bbc31d17e6f6ac78641c7783f7739ca8ad1c09d24407d74c500299d02a9c729707ca06d8216011b732534c729819a4_640.jpg
7627713,AlanFrijns,"ai generated, cat, forest","ai generated, cat, forest",https://pixabay.com/get/ge82d78f7286842c57a3234d83a7b1b3a5882958647e6a098abee0a5fc8c3ac049b56873949a7b30f4e7b4ec685b56a519268848ce09ed303205a17a7a80fa1fe_640.jpg,AlanFrijns,16705522,3500,2333,150,100,640,427,3323302,"ai generated, cat, forest",283,128,15,0,16705522,AlanFrijns,https://pixabay.com/illustrations/ai-generated-cat-forest-animal-7627713/,https://cdn.pixabay.com/photo/2022/11/30/20/44/ai-generated-7627713_150.jpg,https://cdn.pixabay.com/user/2022/03/25/12-49-39-401_250x250.png,https://pixabay.com/get/ge82d78f7286842c57a3234d83a7b1b3a5882958647e6a098abee0a5fc8c3ac049b56873949a7b30f4e7b4ec685b56a519268848ce09ed303205a17a7a80fa1fe_640.jpg
906876,SGraf,"kitten, cute, young cat","kitten, cute, young cat",https://pixabay.com/get/gc18db2c39ffc90a4e9f9eba85ceae24de6184946fa6c7b9c839adedc8c7e7b20d0a58e84a23becc5e469a09eb1002509_640.jpg,SGraf,932439,3104,1746,150,84,640,360,759133,"kitten, cute, young cat",1317,429,10,0,932439,SGraf,https://pixabay.com/photos/kitten-cute-young-cat-thoroughbred-906876/,https://cdn.pixabay.com/photo/2015/08/25/13/31/kitten-906876_150.jpg,,https://pixabay.com/get/gc18db2c39ffc90a4e9f9eba85ceae24de6184946fa6c7b9c839adedc8c7e7b20d0a58e84a23becc5e469a09eb1002509_640.jpg
2023641,SiNoMo,"ragdoll, cat, daisy","ragdoll, cat, daisy",https://pixabay.com/get/g40baf483c115a9b575f4fd3cf14a093e4802a8dc065df3f16b67d34d4afad9f83df7933003128be21dd7d9b9b56779ca0a2af23610b93e5aa8732104e5390528_640.jpg,SiNoMo,544241,4272,2848,150,99,640,426,2396843,"ragdoll, cat, daisy",1245,312,13,1,544241,SiNoMo,https://pixabay.com/photos/ragdoll-cat-daisy-cat-eyes-grass-2023641/,https://cdn.pixabay.com/photo/2017/01/31/11/11/ragdoll-2023641_150.jpg,https://cdn.pixabay.com/user/2015/03/31/17-16-53-780_250x250.jpg,https://pixabay.com/get/g40baf483c115a9b575f4fd3cf14a093e4802a8dc065df3f16b67d34d4afad9f83df7933003128be21dd7d9b9b56779ca0a2af23610b93e5aa8732104e5390528_640.jpg
2201013,MorriganMagie,"cat, ragdoll, blue","cat, ragdoll, blue",https://pixabay.com/get/g64b24628191c7b735fea76b9f79ade417185ccbf5da417568b0f8a5bfa1c0a35edc5f65bc226cb250a228b30090beb31da93f3457da334d7a6a52b2199cb005a_640.jpg,MorriganMagie,4945400,3648,2736,150,112,640,480,2454718,"cat, ragdoll, blue",1516,311,10,0,4945400,MorriganMagie,https://pixabay.com/photos/cat-ragdoll-blue-look-lying-2201013/,https://cdn.pixabay.com/photo/2017/04/04/10/56/cat-2201013_150.jpg,https://cdn.pixabay.com/user/2017/09/10/17-27-02-632_250x250.png,https://pixabay.com/get/g64b24628191c7b735fea76b9f79ade417185ccbf5da417568b0f8a5bfa1c0a35edc5f65bc226cb250a228b30090beb31da93f3457da334d7a6a52b2199cb005a_640.jpg
6344887,孟想家,"ragdoll, cat, pet","ragdoll, cat, pet",https://pixabay.com/get/g3eaed4001115583d4911dc64773647bfedaaa191a99b23a988b3fe80ba9a847bd7f1389030aaeaa25a75ba3db862a6b6ce0796960020e40d6438e7b9c8696b41_640.jpg,孟想家,14625477,7952,4472,150,84,640,360,7789231,"ragdoll, cat, pet",363,175,10,0,14625477,孟想家,https://pixabay.com/photos/ragdoll-cat-pet-animal-6344887/,https://cdn.pixabay.com/photo/2021/06/18/00/24/ragdoll-6344887_150.jpg,https://cdn.pixabay.com/user/2022/03/10/07-51-34-544_250x250.jpg,https://pixabay.com/get/g3eaed4001115583d4911dc64773647bfedaaa191a99b23a988b3fe80ba9a847bd7f1389030aaeaa25a75ba3db862a6b6ce0796960020e40d6438e7b9c8696b41_640.jpg
5239314,jolanchapin,"cat, coffee maker, ragdoll","cat, coffee maker, ragdoll",https://pixabay.com/get/g27262aae2ade57fd6f55fbdf6aae3242916b102061ad44df52fca8e5904ca61cbf345f59474bfc46004bb1b5ad3d0d0c0536b4b0f47f9ab3b2ef5a99d60fe8dd_640.jpg,jolanchapin,8631146,4032,3024,150,113,640,480,2201258,"cat, coffee maker, ragdoll",466,197,13,0,8631146,jolanchapin,https://pixabay.com/photos/cat-coffee-maker-ragdoll-siamese-5239314/,https://cdn.pixabay.com/photo/2020/05/30/15/34/cat-5239314_150.jpg,https://cdn.pixabay.com/user/2020/05/28/10-24-37-317_250x250.jpg,https://pixabay.com/get/g27262aae2ade57fd6f55fbdf6aae3242916b102061ad44df52fca8e5904ca61cbf345f59474bfc46004bb1b5ad3d0d0c0536b4b0f47f9ab3b2ef5a99d60fe8dd_640.jpg
4306116,swiatowskaagata,"ragdoll, cat, kittens","ragdoll, cat, kittens",https://pixabay.com/get/gc01dc6a3b41203eeb3dce0dfe1e05ee785d978c538978b58711ca4acd17fd2fded65d53f1cc2aee6f082b8271185814b3cdc71304be0edccf4e616e979f102dc_640.jpg,swiatowskaagata,12908115,3746,3610,150,144,640,616,3476564,"ragdoll, cat, kittens",1293,199,11,0,12908115,swiatowskaagata,https://pixabay.com/photos/ragdoll-cat-kittens-kitten-pet-4306116/,https://cdn.pixabay.com/photo/2019/06/29/12/16/ragdoll-4306116_150.jpg,https://cdn.pixabay.com/user/2019/06/29/12-26-15-860_250x250.jpg,https://pixabay.com/get/gc01dc6a3b41203eeb3dce0dfe1e05ee785d978c538978b58711ca4acd17fd2fded65d53f1cc2aee6f082b8271185814b3cdc71304be0edccf4e616e979f102dc_640.jpg
4306118,swiatowskaagata,"ragdoll, cat, kittens","ragdoll, cat, kittens",https://pixabay.com/get/gcbab6d1ff31cbce28d2b19bb6243f3b8979c3399bb06fc543588e6a51d1fcd9abaaf1ef35296062b3586f5c9d6c5b86c04c3b96133c09991ed3f4ec4d1ac60cd_640.jpg,swiatowskaagata,12908115,3667,3436,150,140,640,599,2185093,"ragdoll, cat, kittens",486,172,12,1,12908115,swiatowskaagata,https://pixabay.com/photos/ragdoll-cat-kittens-kitten-pet-4306118/,https://cdn.pixabay.com/photo/2019/06/29/12/17/ragdoll-4306118_150.jpg,https://cdn.pixabay.com/user/2019/06/29/12-26-15-860_250x250.jpg,https://pixabay.com/get/gcbab6d1ff31cbce28d2b19bb6243f3b8979c3399bb06fc543588e6a51d1fcd9abaaf1ef35296062b3586f5c9d6c5b86c04c3b96133c09991ed3f4ec4d1ac60cd_640.jpg
5883270,vaclavzavada,"cat, ragdoll, pet","cat, ragdoll, pet",https://pixabay.com/get/g30ea9f3b2ae9d021bb36b60942e449cce377486e9432c9f7aa4f4d5aee0efc8698e0b791ebb0b94f4df6d07752eace4e9e9a47225a4274972d44463c7b34c44a_640.jpg,vaclavzavada,16241500,5568,3712,150,100,640,427,5271545,"cat, ragdoll, pet",246,96,10,0,16241500,vaclavzavada,https://pixabay.com/photos/cat-ragdoll-pet-animal-keyboard-5883270/,https://cdn.pixabay.com/photo/2021/01/02/23/49/cat-5883270_150.jpg,https://cdn.pixabay.com/user/2020/04/28/16-40-17-588_250x250.jpg,https://pixabay.com/get/g30ea9f3b2ae9d021bb36b60942e449cce377486e9432c9f7aa4f4d5aee0efc8698e0b791ebb0b94f4df6d07752eace4e9e9a47225a4274972d44463c7b34c44a_640.jpg
