Title,Author,URL,Make,Model
biking with dog,kasa51,https://live.staticflickr.com/65535/52830897463_f992e1c233.jpg,Panasonic,DC-G9
Ozark Mayo2023,Cangorezeus Photography,https://live.staticflickr.com/65535/52863184221_b74bf0a39f.jpg,SONY,ILCE-6100
DSC00591,johnjmurphyiii,https://live.staticflickr.com/65535/52863499963_33c95f1ebe.jpg,SONY,DSC-RX100M7
DSC00633,johnjmurphyiii,https://live.staticflickr.com/65535/52862482257_8ecbc5aaae.jpg,SONY,DSC-RX100M7
Forza Napoli.,guidamichele91,https://live.staticflickr.com/65535/52862639390_8d8f64a1f7.jpg,NIKON CORPORATION,NIKON D610
Dogs: Let's Play,gill4kleuren - 23 ml views,https://live.staticflickr.com/65535/52862333244_6a571d4fff.jpg,,
Dogs: Let's Play,gill4kleuren - 23 ml views,https://live.staticflickr.com/65535/52862167161_7b61842027.jpg,,
_DSC2491,Born Coqui,https://live.staticflickr.com/65535/52862288814_bfe3fc304e.jpg,SONY,ILCE-7M3
_DSC2479,Born Coqui,https://live.staticflickr.com/65535/52862560958_337a10d13e.jpg,SONY,ILCE-7M3
CareerFair-013,Keylor Vega Leon,https://live.staticflickr.com/65535/52861833636_657006b074.jpg,SONY,ILCE-7RM4A
CareerFair-023,Keylor Vega Leon,https://live.staticflickr.com/65535/52862269028_b218927485.jpg,SONY,ILCE-7RM4A
CareerFair-048,Keylor Vega Leon,https://live.staticflickr.com/65535/52862220405_0c8c949d13.jpg,SONY,ILCE-7RM4A
CareerFair-096,Keylor Vega Leon,https://live.staticflickr.com/65535/52861830306_c01853a48b.jpg,SONY,ILCE-7RM4A
CareerFair-072,Keylor Vega Leon,https://live.staticflickr.com/65535/52861249182_ed4603e394.jpg,SONY,ILCE-7RM4A
CareerFair-120,Keylor Vega Leon,https://live.staticflickr.com/65535/52861994769_4e980ea1f2.jpg,SONY,ILCE-7RM4A
5by5Photos-2,Keylor Vega Leon,https://live.staticflickr.com/65535/52862219193_6b89cbeb1d.jpg,SONY,ILCE-7RM4A
5by5Photos-57,Keylor Vega Leon,https://live.staticflickr.com/65535/52861200867_1c2a7ee7a2.jpg,SONY,ILCE-7RM4A
5by5Photos-55,Keylor Vega Leon,https://live.staticflickr.com/65535/52862169085_378bef979b.jpg,SONY,ILCE-7RM4A
Crop_Drifter_ch-03548,East Carolina University,https://live.staticflickr.com/65535/52861142212_e59e5c4615.jpg,SONY,ILCE-1
5by5Photos-16,Keylor Vega Leon,https://live.staticflickr.com/65535/52861838854_bb7a3a367c.jpg,SONY,ILCE-7RM4A
5by5Photos-61,Keylor Vega Leon,https://live.staticflickr.com/65535/52862107903_fa72e5074c.jpg,SONY,ILCE-7RM4A
5by5Photos-68,Keylor Vega Leon,https://live.staticflickr.com/65535/52862107598_40325d83e9.jpg,SONY,ILCE-7RM4A
5by5Photos-121,Keylor Vega Leon,https://live.staticflickr.com/65535/52861668291_1ae721d2ec.jpg,SONY,ILCE-7RM4A
5by5Photos-124,Keylor Vega Leon,https://live.staticflickr.com/65535/52861832854_8a996159be.jpg,SONY,ILCE-7RM4A
5by5Photos-129,Keylor Vega Leon,https://live.staticflickr.com/65535/52861667856_8e9861a660.jpg,SONY,ILCE-7RM4A
5by5Photos-141,Keylor Vega Leon,https://live.staticflickr.com/65535/52861085732_4923bba929.jpg,SONY,ILCE-7RM4A
5by5Photos-170,Keylor Vega Leon,https://live.staticflickr.com/65535/52861665386_3d4a8f330b.jpg,SONY,ILCE-7RM4A
5by5Photos-176,Keylor Vega Leon,https://live.staticflickr.com/65535/52861083647_4eacaa815f.jpg,SONY,ILCE-7RM4A
5by5Photos-206,Keylor Vega Leon,https://live.staticflickr.com/65535/52862050305_6e679bae02.jpg,SONY,ILCE-7RM4A
5by5Photos-224,Keylor Vega Leon,https://live.staticflickr.com/65535/52861080022_94a301fb44.jpg,SONY,ILCE-7RM4A
Mist&Bones-06,Keylor Vega Leon,https://live.staticflickr.com/65535/52861567896_9ee34c1ec9.jpg,SONY,ILCE-7RM4A
Mist&Bones-15,Keylor Vega Leon,https://live.staticflickr.com/65535/52861956675_fec0976afe.jpg,SONY,ILCE-7RM4A
Mist&Bones-29,Keylor Vega Leon,https://live.staticflickr.com/65535/52861955585_43a95ac7cf.jpg,SONY,ILCE-7RM4A
Mist&Bones-37,Keylor Vega Leon,https://live.staticflickr.com/65535/52861954900_95e8473855.jpg,SONY,ILCE-7RM4A
Mist&Bones-36,Keylor Vega Leon,https://live.staticflickr.com/65535/52861954890_4a01458568.jpg,SONY,ILCE-7RM4A
Mist&Bones-39,Keylor Vega Leon,https://live.staticflickr.com/65535/52861565256_9107515eb5.jpg,SONY,ILCE-7RM4A
VocationalTalk-08,Keylor Vega Leon,https://live.staticflickr.com/65535/52861509611_eae29b9176.jpg,SONY,ILCE-7RM4A
VocationalTalk-14,Keylor Vega Leon,https://live.staticflickr.com/65535/52861897785_549ef1cda1.jpg,SONY,ILCE-7RM4A
CameroonSpotlight-08,Keylor Vega Leon,https://live.staticflickr.com/65535/52861460121_a221886e12.jpg,SONY,ILCE-7RM4A
CameroonSpotlight-18,Keylor Vega Leon,https://live.staticflickr.com/65535/52861848815_4bd0e3e83a.jpg,SONY,ILCE-7RM4A
CameroonSpotlight-20,Keylor Vega Leon,https://live.staticflickr.com/65535/52861848670_563afe85ef.jpg,SONY,ILCE-7RM4A
CameroonSpotlight-27,Keylor Vega Leon,https://live.staticflickr.com/65535/52861895848_614c0c42ec.jpg,SONY,ILCE-7RM4A
CameroonSpotlight-33,Keylor Vega Leon,https://live.staticflickr.com/65535/52861458866_b43db8f529.jpg,SONY,ILCE-7RM4A
CameroonSpotlight-34,Keylor Vega Leon,https://live.staticflickr.com/65535/52861895573_4ed8271e61.jpg,SONY,ILCE-7RM4A
CameroonSpotlight-39,Keylor Vega Leon,https://live.staticflickr.com/65535/52861895318_77bb5286c1.jpg,SONY,ILCE-7RM4A
CameroonSpotlight-42,Keylor Vega Leon,https://live.staticflickr.com/65535/52861458426_656a1fd0b4.jpg,SONY,ILCE-7RM4A
CameroonSpotlight-45,Keylor Vega Leon,https://live.staticflickr.com/65535/52861458291_7e62c26846.jpg,SONY,ILCE-7RM4A
CameroonSpotlight-53,Keylor Vega Leon,https://live.staticflickr.com/65535/52861458026_32e2515466.jpg,SONY,ILCE-7RM4A
CameroonSpotlight-55,Keylor Vega Leon,https://live.staticflickr.com/65535/52861625494_8dca7c6b3c.jpg,SONY,ILCE-7RM4A
CameroonSpotlight-62,Keylor Vega Leon,https://live.staticflickr.com/65535/52861894253_2b679202dd.jpg,SONY,ILCE-7RM4A
GlobalSpotlight-30,Keylor Vega Leon,https://live.staticflickr.com/65535/52861827040_28880f6597.jpg,SONY,ILCE-7RM4A
GlobalSpotlight-47,Keylor Vega Leon,https://live.staticflickr.com/65535/52861602954_c8ec233ee5.jpg,SONY,ILCE-7RM4A
GlobalSpotlight-62,Keylor Vega Leon,https://live.staticflickr.com/65535/52861600279_56f160c9a5.jpg,SONY,ILCE-7RM4A
A little rest on our daily walk,corinna1411,https://live.staticflickr.com/65535/52861556054_63b4454e5a.jpg,HMD Global,Nokia G50
OpenHousenNov04-04,Keylor Vega Leon,https://live.staticflickr.com/65535/52861384836_6ff54e4967.jpg,SONY,ILCE-7RM4A
OpenHousenNov04-05,Keylor Vega Leon,https://live.staticflickr.com/65535/52861773840_a8c070d756.jpg,SONY,ILCE-7RM4A
OpenHousenNov04-10,Keylor Vega Leon,https://live.staticflickr.com/65535/52861552144_a5c486d1f9.jpg,SONY,ILCE-7RM4A
OpenHousenNov04-19,Keylor Vega Leon,https://live.staticflickr.com/65535/52861772705_f4038a4a83.jpg,SONY,ILCE-7RM4A
OpenHousenNov04-24,Keylor Vega Leon,https://live.staticflickr.com/65535/52861772300_b5ce7c74fd.jpg,SONY,ILCE-7RM4A
OpenHousenNov04-40,Keylor Vega Leon,https://live.staticflickr.com/65535/52861381916_8dde723387.jpg,SONY,ILCE-7RM4A
OpenHousenNov04-44,Keylor Vega Leon,https://live.staticflickr.com/65535/52861381606_56f05fca8c.jpg,SONY,ILCE-7RM4A
OpenHouseNov04-03,Keylor Vega Leon,https://live.staticflickr.com/65535/52861816303_e12d48c67c.jpg,SONY,ILCE-7RM4A
OpenHouseNov04-08,Keylor Vega Leon,https://live.staticflickr.com/65535/52861547494_339015786f.jpg,SONY,ILCE-7RM4A
OpenHouseNov04-21,Keylor Vega Leon,https://live.staticflickr.com/65535/52861767500_74b87dedb6.jpg,SONY,ILCE-7RM4A
OpenHouseNov04-23,Keylor Vega Leon,https://live.staticflickr.com/65535/52860795127_830fb02da7.jpg,SONY,ILCE-7RM4A
OpenHouseNov04-34,Keylor Vega Leon,https://live.staticflickr.com/65535/52860794022_93072e558c.jpg,SONY,ILCE-7RM4A
OpenHouseNov04-39,Keylor Vega Leon,https://live.staticflickr.com/65535/52861812838_c2a5b069e3.jpg,SONY,ILCE-7RM4A
DonorAppreciationDinner-005,Keylor Vega Leon,https://live.staticflickr.com/65535/52861715295_e242e5c249.jpg,SONY,ILCE-7RM4A
DonorAppreciationDinner-016,Keylor Vega Leon,https://live.staticflickr.com/65535/52861325551_5f48491f46.jpg,SONY,ILCE-7RM4A
DonorAppreciationDinner-114,Keylor Vega Leon,https://live.staticflickr.com/65535/52860739122_b79aaa137d.jpg,SONY,ILCE-7RM4A
DonorAppreciationDinner-122,Keylor Vega Leon,https://live.staticflickr.com/65535/52861711115_3b6a0522b1.jpg,SONY,ILCE-7RM4A
DonorAppreciationDinner-143,Keylor Vega Leon,https://live.staticflickr.com/65535/52861757903_2ee11d84ae.jpg,SONY,ILCE-7RM4A
DonorAppreciationDinner-144,Keylor Vega Leon,https://live.staticflickr.com/65535/52860738117_fa4cc4aceb.jpg,SONY,ILCE-7RM4A
BlueGreenDay-002,Keylor Vega Leon,https://live.staticflickr.com/65535/52861711988_41a31a465e.jpg,SONY,ILCE-7RM4A
BlueGreenDay-009,Keylor Vega Leon,https://live.staticflickr.com/65535/52861275406_52fa38d335.jpg,SONY,ILCE-7RM4A
BlueGreenDay-011,Keylor Vega Leon,https://live.staticflickr.com/65535/52860692747_9726c30be3.jpg,SONY,ILCE-7RM4A
BlueGreenDay-014,Keylor Vega Leon,https://live.staticflickr.com/65535/52860692722_a7364b73e1.jpg,SONY,ILCE-7RM4A
BlueGreenDay-021,Keylor Vega Leon,https://live.staticflickr.com/65535/52861711663_c1ed25854c.jpg,SONY,ILCE-7RM4A
BlueGreenDay-054,Keylor Vega Leon,https://live.staticflickr.com/65535/52861274591_e7ab9ef501.jpg,SONY,ILCE-7RM4A
BlueGreenDay-066,Keylor Vega Leon,https://live.staticflickr.com/65535/52861663275_bd48d647a6.jpg,SONY,ILCE-7RM4A
BlueGreenDay-077,Keylor Vega Leon,https://live.staticflickr.com/65535/52861442229_1011cb6e6e.jpg,SONY,ILCE-7RM4A
BlueGreenDay-094,Keylor Vega Leon,https://live.staticflickr.com/65535/52861662785_c205572c7f.jpg,SONY,ILCE-7RM4A
BlueGreenDay-099,Keylor Vega Leon,https://live.staticflickr.com/65535/52861441869_6890d1f2ce.jpg,SONY,ILCE-7RM4A
BlueGreenDay-103,Keylor Vega Leon,https://live.staticflickr.com/65535/52860690912_d37207fcfb.jpg,SONY,ILCE-7RM4A
BlueGreenDay-112,Keylor Vega Leon,https://live.staticflickr.com/65535/52861709823_c70c705137.jpg,SONY,ILCE-7RM4A
BlueGreenDay-116,Keylor Vega Leon,https://live.staticflickr.com/65535/52861662295_9432c4428d.jpg,SONY,ILCE-7RM4A
BlueGreenDay-117,Keylor Vega Leon,https://live.staticflickr.com/65535/52861441379_75db48d4e8.jpg,SONY,ILCE-7RM4A
BlueGreenDay-138,Keylor Vega Leon,https://live.staticflickr.com/65535/52861709298_0fa6bc7a6b.jpg,SONY,ILCE-7RM4A
BlueGreenDay-142,Keylor Vega Leon,https://live.staticflickr.com/65535/52861661750_c5c2401013.jpg,SONY,ILCE-7RM4A
GraceGreen-08,Keylor Vega Leon,https://live.staticflickr.com/65535/52861695828_b4ff471024.jpg,SONY,ILCE-7RM4A
GraceGreen-47,Keylor Vega Leon,https://live.staticflickr.com/65535/52861647345_9bd3553756.jpg,SONY,ILCE-7RM4A
GraceGreen-58,Keylor Vega Leon,https://live.staticflickr.com/65535/52861694773_e3bc70cc5f.jpg,SONY,ILCE-7RM4A
Patriotic Pup with Vintage American Flag,BUNEES,https://live.staticflickr.com/65535/52860540632_db7118e8cf.jpg,,
The Advantages of Mobile Pet Grooming Over Traditional Pet Grooming,jaem.lee05,https://live.staticflickr.com/0/52861325449_2d91bc4cf8.jpg,,
Cambridge Sculptures,Sir Cam @camdiary,https://live.staticflickr.com/65535/52861111181_d5fc49a633.jpg,Apple,iPhone 12 Pro Max
Don't Let This Dog Out,BUNEES,https://live.staticflickr.com/65535/52861457155_037dd25c12.jpg,,
McDonald's Wind Surfer Connect-A-Snoopy - 2004,jadedoz,https://live.staticflickr.com/65535/52861452075_04a8844373.jpg,Apple,iPhone 11 Pro Max
Doggo Bloggo via Poop4U,PickDoggo,https://live.staticflickr.com/65535/52861016316_d97e707297.jpg,,
Der große dünne Mann!,Günter Hentschel,https://live.staticflickr.com/65535/52860312827_d5445aac0a.jpg,NIKON CORPORATION,NIKON D5500
Kenai & El,lsugny,https://live.staticflickr.com/65535/52860728811_58738f932b.jpg,Canon,Canon EOS 80D
