pic_id,Views,tag,Camera_Make,Camera_Model,Exposure,Aperture,Exposure_Program,ISO,Metering_Mode,Flash,Focal_Length,Color_Space,Lens_Model,latitude,longitude,county,region,country
52789535781,104135.0,clouds,,,,,,,,,,,,46.65495,7.908298,Interlaken-Oberhasli District,Bern,Switzerland
52752153257,100375.0,clouds,,,,,,,,,,,,57.27431,-5.514106,Highland,Scotland,UK
52679305192,98705.0,clouds,,,,,,,,,,,,,,,,
52716318989,97528.0,clouds,Canon,Canon EOS 80D,0.008,7.1,Program AE,100.0,Multi-segment,"Off, Did not fire",43.0,sRGB,EF-S18-55mm f/3.5-5.6 IS STM,32.137845,-80.75494,Beaufort,South Carolina,United States
52732254615,74314.0,clouds,,,,,,,,,,,,,,,,
52667909593,73740.0,clouds,Canon,Canon EOS 80D,0.025,4.0,Program AE,640.0,Multi-segment,"Off, Did not fire",31.0,sRGB,EF-S18-55mm f/3.5-5.6 IS STM,32.139099,-80.752687,Beaufort,South Carolina,United States
52753816749,73678.0,clouds,,,,,,,,,,,,44.048709,9.832152,Provincia di La Spezia,Liguria,Italy
52753608734,69760.0,clouds,,,,,,,,,,,,,,,,
52833902631,67221.0,clouds,,,,,,,,,,,,64.730523,-23.814611,Provincia di La Spezia,West,Iceland
52717011467,66553.0,clouds,OLYMPUS CORPORATION,E-M10MarkII,0.0125,8.0,Manual,100.0,Center-weighted average,"On, Did not fire",17.0,sRGB,OLYMPUS M.12-40mm F2.8,51.322407,21.95137,Powiat puławski,Lublin,Poland
52780074982,65977.0,clouds,,,,,,,,,,,,,,,,
52768135920,65429.0,clouds,Canon,Canon EOS 5D Mark IV,0.6,13.0,Aperture-priority AE,100.0,Multi-segment,"Off, Did not fire",24.0,sRGB,12-24mm,39.598636,-106.085722,Summit,Colorado,United States
52682071889,63188.0,clouds,SONY,DSLR-A350,0.004,10.0,Landscape,100.0,Multi-segment,"Off, Did not fire",40.0,sRGB,12-24mm,43.741041,15.885093,Grad Šibenik,Šibensko-Kninska Županija,Croatia
52795391775,61628.0,clouds,PENTAX,PENTAX K-5,0.01,10.0,Manual,100.0,Center-weighted average,"Off, Did not fire",70.0,Uncalibrated,12-24mm,61.768328,17.08546,Hudiksvalls Kommun,Gävleborg,Sweden
52753040484,59458.0,clouds,SONY,SLT-A65V,0.00625,5.0,Manual,400.0,Multi-segment,"Off, Did not fire",17.0,Uncalibrated,17-50mm F2.8,46.594827,12.26453,Province of Belluno,Veneto,Italy
52802975672,57667.0,clouds,SONY,SLT-A65V,0.00625,5.0,Manual,400.0,Multi-segment,"Off, Did not fire",17.0,sRGB,17-50mm F2.8,,,,,
52686116353,48234.0,clouds,SONY,SLT-A65V,0.00625,5.0,Manual,400.0,Multi-segment,"Off, Did not fire",17.0,sRGB,17-50mm F2.8,,,,,
52831018002,47945.0,clouds,SONY,SLT-A65V,0.0025,8.0,Manual,400.0,Multi-segment,"Off, Did not fire",35.0,Uncalibrated,17-50mm F2.8,21.801111,-99.180906,Tamasopo,San Luis Potosí,Mexico
52689077124,38324.0,clouds,,,,,,,,,,,,56.682536,-5.10096,Highland,Scotland,UK
52830775767,37850.0,clouds,,,,,,,,,,,,,,,,
52682550002,37002.0,clouds,Canon,Canon EOS 80D,0.02,4.5,Program AE,100.0,Multi-segment,"Off, Did not fire",24.0,sRGB,EF-S18-55mm f/3.5-5.6 IS STM,32.13859,-80.754275,Beaufort,South Carolina,United States
52799745105,34151.0,clouds,Panasonic,DC-GX9,0.004,7.1,Aperture-priority AE,100.0,Multi-segment,"Off, Did not fire",12.0,Uncalibrated,LUMIX G VARIO 12-35/F2.8,39.852681,2.802532,Balearic Islands,Balearic Islands,Spain
52761497739,33328.0,clouds,,,,,,,,,,,,,,,,
52806632805,33170.0,clouds,Canon,Canon EOS 5D Mark IV,0.000625,11.0,Aperture-priority AE,800.0,Spot,"Off, Did not fire",28.0,sRGB,EF24-105mm f/4L IS USM,52.350604,13.001654,,Brandenburg,Germany
52682148123,32369.0,clouds,OLYMPUS CORPORATION,E-M5MarkIII,0.0003125,4.0,Aperture-priority AE,200.0,Multi-segment,"Off, Did not fire",12.0,sRGB,OLYMPUS M.8-25mm F4.0,,,,,
52787038136,32013.0,clouds,Canon,Canon EOS 600D,0.001,9.0,Aperture-priority AE,200.0,Multi-segment,"Off, Did not fire",17.0,sRGB,17-50mm,,,,,
52748625999,27307.0,clouds,Panasonic,DMC-TZ1,0.005,4.1,Program AE,80.0,Multi-segment,"Off, Did not fire",28.2,sRGB,17-50mm,-28.121063,153.475162,Gold Coast,Queensland,Australia
52695118221,26887.0,clouds,Canon,Canon EOS 80D,0.00625,8.0,Program AE,100.0,Multi-segment,"Off, Did not fire",55.0,sRGB,EF-S18-55mm f/3.5-5.6 IS STM,32.138626,-80.753417,Beaufort,South Carolina,United States
52669699253,26681.0,clouds,Canon,Canon EOS 80D,0.004,10.0,Program AE,100.0,Multi-segment,"Off, Did not fire",23.0,sRGB,EF-S18-55mm f/3.5-5.6 IS STM,32.341898,-80.452687,Beaufort,South Carolina,United States
52680692103,26316.0,clouds,Apple,iPhone 13 Pro Max,0.0005889281507656,1.5,Program AE,50.0,Multi-segment,"Off, Did not fire",5.7,Uncalibrated,iPhone 13 Pro Max back triple camera 5.7mm f/1.5,,,,,
52673625882,25035.0,clouds,NIKON CORPORATION,NIKON Z 7_2,0.00625,10.0,Aperture-priority AE,64.0,Multi-segment,No Flash,17.0,sRGB,NIKKOR Z 14-24mm f/2.8 S,58.490675,15.63878,Linköpings Kommun,Östergötland,Sweden
52674350568,23816.0,clouds,samsung,SM-G975F,0.01,2.4,Program AE,64.0,Spot,No Flash,4.3,sRGB,NIKKOR Z 14-24mm f/2.8 S,-34.921248,-56.150175,Municipio Ch,Departamento de Montevideo,Uruguay
52694004997,23371.0,clouds,Canon,Canon EOS 6D Mark II,0.0015625,7.1,Aperture-priority AE,160.0,Multi-segment,"Off, Did not fire",35.0,Uncalibrated,EF24-105mm f/4L IS USM,49.349283,-122.611414,Greater Vancouver Regional District,British Columbia,Canada
52738078990,23164.0,clouds,,,,,,,,,,,,,,,,
52754933181,22533.0,clouds,,,,,,,,,,,,,,,,
52713314858,22241.0,clouds,Canon,Canon EOS 750D,0.005,13.0,Aperture-priority AE,100.0,Multi-segment,"Off, Did not fire",10.0,Uncalibrated,EF-S10-18mm f/4.5-5.6 IS STM,55.493013,-1.600835,Northumberland,England,UK
52690402529,21289.0,clouds,Canon,Canon EOS 5D Mark IV,0.01,13.0,Manual,100.0,Multi-segment,"Off, Did not fire",24.0,Uncalibrated,EF24-70mm f/2.8L II USM,,,,,
52688684014,20744.0,clouds,SONY,ILCE-1,0.1666666666666666,8.0,Manual,100.0,Multi-segment,"Off, Did not fire",70.0,sRGB,FE 70-200mm F2.8 GM OSS,43.753845,-110.624084,Teton,Wyoming,United States
52683233970,20269.0,clouds,Canon,Canon EOS 6D Mark II,2.5,13.0,Aperture-priority AE,100.0,Center-weighted average,"Off, Did not fire",24.0,sRGB,EF24-105mm f/4L IS II USM,51.429305,-2.413423,South Gloucestershire,England,UK
52753505371,19866.0,clouds,,,,,,,,,,,,,,,,
52741680027,19819.0,clouds,NIKON CORPORATION,NIKON D80,0.000625,6.3,Aperture-priority AE,100.0,Center-weighted average,No Flash,270.0,sRGB,18.0-270.0 mm f/3.5-6.3,-34.424781,-72.045575,Provincia de Cardenal Caro,O&#039;Higgins,Chile
52772137586,19453.0,clouds,Panasonic,DMC-FZ1000,0.000625,6.3,Shutter speed priority AE,200.0,Center-weighted average,"Off, Did not fire",270.0,sRGB,18.0-270.0 mm f/3.5-6.3,50.397083,-125.960751,Strathcona Regional District,British Columbia,Canada
52716035078,19295.0,clouds,,,,,,,,,,,,51.154924,3.998881,East Flanders,Flanders,Belgium
52722755731,19038.0,clouds,,,,,,,,,,,,,,,,
52677129440,18995.0,clouds,NIKON CORPORATION,NIKON Z 7,0.0025,6.3,Manual,64.0,Center-weighted average,No Flash,175.0,Uncalibrated,70.0-200.0 mm f/4.0,-18.609807,24.483032,East Flanders,Chobe District,Botswana
52737612920,18818.0,clouds,samsung,SM-G975U,0.0025,6.3,Program AE,64.0,Average,No Flash,1.8,sRGB,70.0-200.0 mm f/4.0,,,,,
52768913468,18743.0,clouds,Canon,Canon EOS 5D Mark IV,0.0028571428571428,4.0,Aperture-priority AE,200.0,Multi-segment,"Off, Did not fire",24.0,Uncalibrated,EF24-105mm f/4L IS USM,62.370891,-6.812642,East Flanders,Eysturoy,Faroe Islands
52818704953,18576.0,clouds,OnePlus,OnePlus 9 Pro,0.0002003205128205,1.9,Not Defined,105.0,Center-weighted average,"Off, Did not fire",6.1,sRGB,EF24-105mm f/4L IS USM,,,,,
52717403878,18563.0,clouds,NIKON CORPORATION,NIKON D810,0.0166666666666666,18.0,Manual,64.0,Multi-segment,"Off, Did not fire",24.0,sRGB,24.0-120.0 mm f/4.0,,,,,
52715850696,18297.0,clouds,OLYMPUS CORPORATION,E-M1MarkII,0.0003125,8.0,Aperture-priority AE,200.0,Multi-segment,"On, Did not fire",300.0,sRGB,M.40-150mm F2.8 + MC-20,,,,,
52770778907,17732.0,clouds,SONY,ILCE-7RM3,0.008,16.0,Aperture-priority AE,500.0,Spot,"Off, Did not fire",18.0,sRGB,FE 16-35mm F2.8 GM,36.996147,-112.006242,Coconino,Arizona,United States
52751481364,17334.0,clouds,SONY,ILCE-7RM3,0.008,16.0,Aperture-priority AE,500.0,Spot,"Off, Did not fire",18.0,sRGB,FE 16-35mm F2.8 GM,24.548522,-81.783805,Monroe,Florida,United States
52753070608,17279.0,clouds,Canon,Canon EOS R6,0.00625,9.0,Aperture-priority AE,250.0,Multi-segment,No Flash,70.0,sRGB,EF70-200mm f/4L IS USM,47.324745,10.267066,Swabia,Bavaria,Germany
52801744418,17220.0,clouds,NIKON CORPORATION,NIKON D5200,0.008,11.0,Aperture-priority AE,400.0,Multi-segment,No Flash,18.0,Uncalibrated,16.0-85.0 mm f/3.5-5.6,57.630067,-6.2889,Highland,Scotland,UK
52731595897,17123.0,clouds,NIKON CORPORATION,NIKON D5200,0.008,11.0,Aperture-priority AE,400.0,Multi-segment,No Flash,18.0,Uncalibrated,16.0-85.0 mm f/3.5-5.6,,,,,
52725848715,17080.0,clouds,,,,,,,,,,,,20.711587,-156.249071,Maui,Hawaii,United States
52797887310,16954.0,clouds,Canon,Canon EOS 6D,0.00625,14.0,Manual,160.0,Multi-segment,"Off, Did not fire",47.0,sRGB,EF24-105mm f/4L IS USM,19.861022,-71.657242,Monte Cristi,Provincia de Monte Cristi,Spanish Haiti
52728961497,16947.0,clouds,Panasonic,DMC-GX8,0.003125,5.0,Landscape,200.0,Multi-segment,"Off, Did not fire",27.0,sRGB,LUMIX G VARIO 12-35/F2.8,19.297826,-81.384525,Monte Cristi,Provincia de Monte Cristi,Cayman Islands
52716130646,16768.0,clouds,NIKON CORPORATION,NIKON D750,0.003125,20.0,Manual,200.0,Multi-segment,"Off, Did not fire",45.0,sRGB,24.0-70.0 mm f/2.8,,,,,
52692012046,16200.0,clouds,NIKON CORPORATION,NIKON Z 6_2,0.01,6.0,Not Defined,125.0,Multi-segment,No Flash,76.0,sRGB,NIKKOR Z 24-200mm f/4-6.3 VR,48.112841,9.102541,Tübingen,Baden-Württemberg,Germany
52769624691,15799.0,clouds,NIKON CORPORATION,LEICA M10 MONOCHROM,0.00025,3.4,Not Defined,160.0,Multi-segment,No Flash,76.0,Uncalibrated,NIKKOR Z 24-200mm f/4-6.3 VR,46.206715,6.156678,Geneva,Geneva,Switzerland
52803485922,15626.0,clouds,Canon,Canon EOS 5D Mark III,0.01,8.0,Aperture-priority AE,100.0,Multi-segment,"Off, Did not fire",93.0,sRGB,EF24-105mm f/4L IS USM,,,,,
52757183016,15593.0,clouds,OLYMPUS CORPORATION,E-M1MarkII,0.008,7.1,Manual,200.0,Center-weighted average,"On, Did not fire",14.0,sRGB,OLYMPUS M.8-25mm F4.0,,,,,
52672293364,15533.0,clouds,Canon,Canon EOS 5D Mark IV,0.004,7.1,Aperture-priority AE,100.0,Center-weighted average,"Off, Did not fire",35.0,sRGB,24-105mm F4 DG OS HSM | Art 013,52.499135,-1.706342,Warwickshire,England,UK
52769909094,15494.0,clouds,SONY,ILCE-7RM2,0.00625,9.0,Landscape,100.0,Multi-segment,"Off, Did not fire",70.0,sRGB,75-300mm F4.5-5.6,38.621967,34.829406,Ürgüp,Nevşehir,Turkey
52763635826,15476.0,clouds,Canon,Canon EOS 5D Mark IV,0.001,8.0,Aperture-priority AE,200.0,Multi-segment,"Off, Did not fire",105.0,sRGB,EF24-105mm f/4L IS USM,51.739955,4.058755,Ürgüp,South Holland,Holland
52771999580,15425.0,clouds,FUJIFILM,X-H1,0.0035714285714285,9.0,Aperture-priority AE,800.0,Multi-segment,No Flash,30.9,Uncalibrated,XF18-135mmF3.5-5.6R LM OIS WR,,,,,
52777447998,15355.0,clouds,SONY,ILCE-7RM3,0.025,8.0,Manual,100.0,Multi-segment,"Off, Did not fire",85.0,sRGB,85mm F1.4 DG DN | Art 020,,,,,
52680553485,15271.0,clouds,,,,,,,,,,,,,,,,
52751423491,15266.0,clouds,HUAWEI,JNY-LX1,0.000125,1.8,Program AE,50.0,Multi-segment,No Flash,4.8,sRGB,85mm F1.4 DG DN | Art 020,51.38308,20.43335,Powiat przysuski,Mazovia,Poland
52829618260,14949.0,clouds,NIKON CORPORATION,NIKON D3000,0.0015625,13.0,Not Defined,100.0,Multi-segment,"Auto, Did not fire",55.0,sRGB,85mm F1.4 DG DN | Art 020,,,,,
52755198114,14919.0,clouds,samsung,SM-G975F,0.008695652173913,2.4,Program AE,50.0,Center-weighted average,No Flash,6.0,sRGB,85mm F1.4 DG DN | Art 020,57.884607,11.592164,Powiat przysuski,Västra Götaland,Sweden
52768391678,14555.0,clouds,,,,,,,,,,,,,,,,
52842806918,14265.0,clouds,NIKON CORPORATION,NIKON D800,30.0,11.0,Manual,200.0,Multi-segment,"Off, Did not fire",25.0,sRGB,16.0-35.0 mm f/4.0,63.926226,-19.025359,Powiat przysuski,South,Iceland
52675772278,14228.0,clouds,NIKON CORPORATION,NIKON D800,30.0,11.0,Manual,200.0,Multi-segment,"Off, Did not fire",25.0,sRGB,16.0-35.0 mm f/4.0,,,,,
52714267686,14102.0,clouds,NIKON CORPORATION,NIKON D750,0.001,8.0,Aperture-priority AE,100.0,Center-weighted average,"Off, Did not fire",170.0,sRGB,TAMRON SP 70-300mm F4-5.6 Di VC USD A005N,44.44334,9.909635,Province of Massa-Carrara,Tuscany,Italy
52817600308,14028.0,clouds,NIKON CORPORATION,NIKON Z 6_2,0.00125,7.1,Program AE,100.0,Multi-segment,No Flash,56.0,sRGB,NIKKOR Z 24-200mm f/4-6.3 VR,48.115447,9.027166,Tübingen,Baden-Württemberg,Germany
52772078961,14021.0,clouds,,,,,,,,,,,,42.258738,-71.752277,Worcester,Massachusetts,United States
52718733513,13872.0,clouds,SONY,SLT-A57,0.00125,7.1,Program AE,100.0,Multi-segment,No Flash,56.0,Uncalibrated,DT 18-70mm F3.5-5.6,43.25186,-80.466356,Waterloo,Ontario,Canada
52750803807,13834.0,clouds,NIKON CORPORATION,NIKON D5200,0.008,11.0,Not Defined,180.0,Multi-segment,"Off, Did not fire",24.0,sRGB,18.0-55.0 mm f/3.5-5.6,,,,,
52785416721,13823.0,clouds,Panasonic,DMC-LX100,0.0015625,5.6,Landscape,200.0,Multi-segment,"Off, Did not fire",10.9,sRGB,18.0-55.0 mm f/3.5-5.6,,,,,
52785078841,13745.0,clouds,NIKON CORPORATION,NIKON D7500,1.7,14.0,Manual,50.0,Multi-segment,"Off, Did not fire",17.0,sRGB,17.0-50.0 mm f/2.8,40.825939,14.120028,Naples,Campania,Italy
52796875653,13711.0,clouds,Canon,Canon EOS 80D,0.01,5.6,Program AE,100.0,Multi-segment,"Off, Did not fire",18.0,sRGB,EF-S18-55mm f/3.5-5.6 IS STM,32.136882,-80.757579,Beaufort,South Carolina,United States
52839360522,13562.0,clouds,Canon,Canon EOS R5,0.0166666666666666,11.0,Manual,250.0,Multi-segment,No Flash,23.0,Uncalibrated,EF16-35mm f/4L IS USM,57.892708,-6.954156,Western Isles,Scotland,UK
52773358860,13521.0,clouds,,,,,,,,,,,,42.351186,-118.831901,Harney,Oregon,United States
52819455254,13512.0,clouds,OLYMPUS CORPORATION,E-M1MarkIII,0.0166666666666666,5.6,Aperture-priority AE,200.0,Multi-segment,"Off, Did not fire",7.0,Uncalibrated,OLYMPUS M.7-14mm F2.8,52.51958,13.379188,,Land Berlin,Germany
52711292980,13482.0,clouds,OLYMPUS CORPORATION,E-M1MarkIII,0.00125,14.0,Aperture-priority AE,250.0,Multi-segment,Unknown (0x48),40.0,Uncalibrated,OLYMPUS M.12-40mm F2.8,,,,,
52756007422,13431.0,clouds,Canon,Canon PowerShot SX740 HS,0.005,4.5,Program AE,100.0,Multi-segment,No Flash,11.2,sRGB,OLYMPUS M.12-40mm F2.8,61.014061,-149.717388,Anchorage,Alaska,United States
52780443721,13226.0,clouds,DJI,FC3170,0.001,2.8,Program AE,110.0,Average,No Flash,4.5,Uncalibrated,24.0 mm f/2.8,,,,,
52712755957,13197.0,clouds,,,,,,,,,,,,,,,,
52682014334,13160.0,clouds,OLYMPUS CORPORATION,E-M10MarkII,0.00125,6.7,Manual,2000.0,Center-weighted average,"On, Did not fire",300.0,sRGB,OLYMPUS M.75-300mm F4.8-6.7 II,51.456533,20.448267,Powiat opoczyński,Łódź Voivodeship,Poland
52749056755,12699.0,clouds,GoPro,HERO5 Black,0.0003333333333333,2.8,Program AE,100.0,Unknown,No flash function,3.0,sRGB,OLYMPUS M.75-300mm F4.8-6.7 II,43.027937,12.877285,Provincia di Perugia,Umbria,Italy
52831881469,12662.0,clouds,Canon,Canon EOS R6,0.0769230769230769,14.0,Aperture-priority AE,50.0,Center-weighted average,No Flash,16.0,sRGB,EF16-35mm f/4L IS USM,47.364583,10.303459,Swabia,Bavaria,Germany
52695935175,12654.0,clouds,samsung,SM-G975F,0.001063829787234,2.4,Program AE,50.0,Center-weighted average,No Flash,4.3,sRGB,EF16-35mm f/4L IS USM,35.334257,25.215081,Nomós Irakleíou,Crete,Greece
52808849587,12530.0,clouds,samsung,SM-G975F,0.001063829787234,2.4,Program AE,50.0,Center-weighted average,No Flash,4.3,sRGB,EF16-35mm f/4L IS USM,-38.212692,145.033618,Mornington Peninsula,Victoria,Australia
52711704936,12481.0,clouds,NIKON CORPORATION,NIKON D7500,0.001,11.0,Aperture-priority AE,200.0,Multi-segment,"Off, Did not fire",16.0,Uncalibrated,16.0-85.0 mm f/3.5-5.6,52.107471,-2.339426,Worcestershire,England,UK
52748827228,12472.0,clouds,,,,,,,,,,,,,,,,
52733086925,12417.0,clouds,FUJIFILM,X-T2,0.000125,1.0,Aperture-priority AE,200.0,Center-weighted average,No Flash,50.0,sRGB,50.0 mm,,,,,
52782413295,12277.0,clouds,SONY,ILCE-7RM4A,30.0,22.0,Manual,100.0,Multi-segment,"Off, Did not fire",46.0,Uncalibrated,FE 24-70mm F2.8 GM,38.095896,-122.733335,Marin,California,United States
52678885220,12164.0,clouds,NIKON CORPORATION,NIKON Z 6_2,0.00625,9.0,Aperture-priority AE,100.0,Multi-segment,No Flash,66.0,sRGB,VR 24-70mm f/2.8E,21.787965,-72.199251,Marin,California,Turks and Caicos Islands
52689848702,12120.0,clouds,,,,,,,,,,,,,,,,
52679469407,12101.0,clouds,Apple,iPhone 14 Pro,7.299270072992701e-05,1.8,Program AE,64.0,Multi-segment,"Off, Did not fire",6.9,sRGB,iPhone 14 Pro back triple camera 6.86mm f/1.78,40.568944,-3.928256,Madrid,Madrid,Spain
52753628006,12050.0,clouds,,,,,,,,,,,,44.259048,9.420402,Provincia di Genova,Liguria,Italy
52803233304,11904.0,clouds,Apple,iPhone 14 Pro,7.299270072992701e-05,1.8,Program AE,64.0,Multi-segment,"Off, Did not fire",6.9,sRGB,iPhone 14 Pro back triple camera 6.86mm f/1.78,-28.008485,153.432129,Gold Coast,Queensland,Australia
52795477746,11732.0,clouds,,,,,,,,,,,,,,,,
52772214020,11723.0,clouds,NIKON CORPORATION,NIKON D7200,0.25,10.0,Aperture-priority AE,100.0,Center-weighted average,"Off, Did not fire",10.0,Uncalibrated,10.0-20.0 mm f/3.5,,,,,
52681710511,11620.0,clouds,samsung,SM-S901B,0.0012004801920768,2.4,Program AE,50.0,Center-weighted average,No Flash,7.0,sRGB,10.0-20.0 mm f/3.5,51.862263,-2.250684,Gloucestershire,England,UK
52680080507,11563.0,clouds,SONY,ILCE-6500,0.01,2.4,Manual,125.0,Multi-segment,"Off, Did not fire",7.0,Uncalibrated,----,,,,,
52732501377,11442.0,clouds,NIKON CORPORATION,NIKON Z 6_2,0.005,5.0,Manual,100.0,Multi-segment,No Flash,28.0,sRGB,VR 28-300mm f/3.5-5.6G,,,,,
52729641291,11442.0,clouds,NIKON CORPORATION,NIKON Z 7_2,0.008,9.0,Manual,100.0,Center-weighted average,No Flash,70.0,Uncalibrated,NIKKOR Z 24-70mm f/4 S,68.150941,14.194561,Vågan,Nordland,Norway
52682408403,11383.0,clouds,NIKON CORPORATION,NIKON Z 6_2,0.005,5.0,Manual,100.0,Multi-segment,No Flash,28.0,sRGB,VR 28-300mm f/3.5-5.6G,45.954282,5.023884,Ain,Auvergne-Rhône-Alpes,France
52804407190,11362.0,clouds,NIKON CORPORATION,NIKON Z 6_2,0.005,5.0,Manual,100.0,Multi-segment,No Flash,28.0,Uncalibrated,VR 28-300mm f/3.5-5.6G,,,,,
52708592599,11259.0,clouds,NIKON CORPORATION,NIKON Z 6_2,0.005,10.0,Aperture-priority AE,200.0,Multi-segment,No Flash,52.0,sRGB,VR 24-70mm f/2.8E,21.740625,-72.285168,Ain,Auvergne-Rhône-Alpes,Turks and Caicos Islands
52684114440,11000.0,clouds,NIKON CORPORATION,NIKON D7500,0.2,11.0,Manual,100.0,Spot,"Off, Did not fire",12.0,Uncalibrated,10.0-24.0 mm f/3.5-4.5,,,,,
52710055388,10993.0,clouds,Canon,Canon EOS 1200D,0.01,5.6,Program AE,400.0,Multi-segment,"Off, Did not fire",55.0,Uncalibrated,10.0-24.0 mm f/3.5-4.5,14.527606,121.019331,Southern Manila District,Metro Manila,Philippines
52745984819,10924.0,clouds,FUJIFILM,X-T10,0.0095238095238095,10.0,Aperture-priority AE,200.0,Multi-segment,"Off, Did not fire",20.9,Uncalibrated,Fujifilm Fujinon XF10-24mmF4 R OIS,,,,,
52783358960,10921.0,clouds,Canon,Canon EOS 6D Mark II,0.05,11.0,Aperture-priority AE,250.0,Multi-segment,"Off, Did not fire",50.0,sRGB,50mm F1.4 DG HSM | Art 014,,,,,
52771790216,10898.0,clouds,Canon,Canon EOS 6D Mark II,0.0021739130434782,2.4,Program AE,25.0,Multi-segment,"Off, Did not fire",1.5,Uncalibrated,iPhone 12 Pro Max back triple camera 1.54mm f/2.4,,,,,
52691378869,10723.0,clouds,Canon,Canon EOS 6D Mark II,0.0021739130434782,2.4,Program AE,25.0,Multi-segment,"Off, Did not fire",1.5,sRGB,iPhone 12 Pro Max back triple camera 1.54mm f/2.4,43.671604,-87.713094,Sheboygan,Wisconsin,United States
52752813327,10700.0,clouds,Canon,Canon EOS 5D Mark III,0.004,4.5,Manual,500.0,Center-weighted average,"Off, Did not fire",24.0,sRGB,TS-E24mm f/3.5L,48.361987,-4.789534,Finistère,Brittany,France
52733128252,10618.0,clouds,Canon,Canon EOS 5D Mark IV,0.0004,4.0,Aperture-priority AE,100.0,Multi-segment,"Off, Did not fire",40.0,sRGB,EF24-105mm f/4L IS USM,,,,,
52691892326,10473.0,clouds,NIKON CORPORATION,NIKON D750,0.3,14.0,Manual,50.0,Center-weighted average,"Off, Did not fire",24.0,sRGB,18.0-35.0 mm f/3.5-4.5,50.456991,-3.509498,Torbay,England,UK
52720083945,10470.0,clouds,,,,,,,,,,,,44.073804,9.905955,Provincia di La Spezia,Liguria,Italy
52775219642,10433.0,clouds,,,,,,,,,,,,50.106818,8.705216,Regierungsbezirk Darmstadt,Hesse,Germany
52816880817,10309.0,clouds,Canon,Canon EOS R6,0.002,8.0,Manual,125.0,Multi-segment,No Flash,96.0,sRGB,EF24-105mm f/4L IS USM,38.976123,-105.892699,Park,Colorado,United States
52694104051,10216.0,clouds,Canon,Canon EOS R6,0.002,8.0,Manual,125.0,Multi-segment,No Flash,96.0,sRGB,EF24-105mm f/4L IS USM,43.715297,10.395285,Pisa,Tuscany,Italy
52681829589,10214.0,clouds,,,,,,,,,,,,30.211608,-92.266845,Acadia,Louisiana,United States
52729345579,10106.0,clouds,samsung,SM-G975F,0.01,2.4,Program AE,80.0,Center-weighted average,No Flash,4.3,sRGB,EF24-105mm f/4L IS USM,55.674349,12.554618,Copenhagen,Capital,Denmark
52723687434,10041.0,clouds,NIKON CORPORATION,NIKON D7200,0.0166666666666666,18.0,Aperture-priority AE,100.0,Multi-segment,"Off, Did not fire",10.0,Uncalibrated,10.0-20.0 mm f/4.5-5.6,37.287876,-115.117729,Lincoln,Nevada,United States
52753595384,10030.0,clouds,NIKON CORPORATION,NIKON D810,64.0,16.0,Manual,160.0,Multi-segment,"Off, Did not fire",20.0,Uncalibrated,16.0-35.0 mm f/4.0,50.058661,-5.710766,Cornwall,England,UK
52817493495,9964.0,clouds,Canon,Canon EOS 6D,0.0008,11.0,Aperture-priority AE,200.0,Center-weighted average,"Off, Did not fire",28.0,sRGB,EF24-105mm f/4L IS USM,64.594324,-14.510085,Djúpavogshreppur,East,Iceland
52685865901,9899.0,clouds,Canon,Canon EOS 6D,0.0008,11.0,Aperture-priority AE,200.0,Center-weighted average,"Off, Did not fire",28.0,sRGB,EF24-105mm f/4L IS USM,,,,,
52720312634,9870.0,clouds,Apple,iPhone 13 Pro Max,0.0010416666666666,1.8,Program AE,32.0,Multi-segment,"Off, Did not fire",1.6,Uncalibrated,iPhone 13 Pro Max back triple camera 1.57mm f/1.8,-33.849651,151.214325,North Sydney Council,New South Wales,Australia
52730848767,9754.0,clouds,Apple,iPhone 13 Pro Max,0.0007178750897343,1.8,Program AE,32.0,Multi-segment,"Off, Did not fire",1.6,Uncalibrated,iPhone 13 Pro Max back triple camera 1.57mm f/1.8,36.996075,-112.006264,Coconino,Arizona,United States
52783119006,9686.0,clouds,NIKON CORPORATION,NIKON Z 7_2,0.0125,11.0,Manual,64.0,Multi-segment,No Flash,66.0,Uncalibrated,NIKKOR Z 24-120mm f/4 S,,,,,
52722907896,9577.0,clouds,,,,,,,,,,,,-25.283131,152.853865,Fraser Coast,Queensland,Australia
52722793246,9569.0,clouds,Canon,Canon EOS 6D,0.008,8.0,Manual,100.0,Multi-segment,"Off, Did not fire",17.0,sRGB,EF17-40mm f/4L USM,,,,,
52821006900,9369.0,clouds,FUJIFILM,X-T5,0.003125,5.6,Program AE,125.0,Multi-segment,No Flash,135.0,sRGB,XF18-135mmF3.5-5.6R LM OIS WR,40.599356,-73.483085,Suffolk,New York,United States
52831324878,9284.0,clouds,,,,,,,,,,,,-45.609089,168.444353,Southland District,Southland,New Zealand
52840400472,9274.0,clouds,NIKON CORPORATION,NIKON Z 6_2,0.001,5.6,Aperture-priority AE,100.0,Multi-segment,No Flash,250.0,sRGB,VR 28-300mm f/3.5-5.6G,,,,,
52666372421,9218.0,clouds,FUJIFILM,X-T4,0.0111111111111111,10.0,Aperture-priority AE,160.0,Multi-segment,No Flash,24.0,sRGB,XF10-24mmF4 R OIS,55.23531,-6.39061,Causeway Coast and Glens,N Ireland,UK
52745074252,9216.0,clouds,Canon,Canon EOS 6D,0.01,7.1,Manual,100.0,Spot,"Off, Did not fire",16.0,sRGB,EF16-35mm f/4L IS USM,,,,,
52792595085,9194.0,clouds,Canon,Canon EOS 6D Mark II,0.002,8.0,Program AE,100.0,Multi-segment,"Off, Did not fire",20.0,sRGB,TAMRON SP 15-30mm F/2.8 Di VC USD G2 A041,40.970755,-1.711281,Guadalajara,Castile-La Mancha,Spain
52684041056,9117.0,clouds,Canon,Canon EOS 5D Mark III,0.01,8.0,Aperture-priority AE,100.0,Center-weighted average,"Off, Did not fire",70.0,Uncalibrated,EF24-70mm f/2.8L II USM,55.58111,-4.664683,South Ayrshire,Scotland,UK
52680987446,9107.0,clouds,NIKON CORPORATION,NIKON Z 7_2,0.0008,5.6,Aperture-priority AE,1600.0,Center-weighted average,No Flash,37.0,Uncalibrated,NIKKOR Z 24-120mm f/4 S,54.363772,-2.921848,Cumbria,England,UK
52769113578,9082.0,clouds,SONY,ILCE-7RM2,0.04,16.0,Manual,100.0,Multi-segment,"Off, Did not fire",17.0,sRGB,E 17-28mm F2.8-2.8,,,,,
52735676826,9057.0,clouds,,,,,,,,,,,,52.522305,13.394061,,Land Berlin,Germany
52724145948,9055.0,clouds,SONY,ILCE-7RM2,0.04,16.0,Manual,100.0,Multi-segment,"Off, Did not fire",17.0,sRGB,E 17-28mm F2.8-2.8,,,,,
52689924443,9024.0,clouds,PENTAX,PENTAX K-30,0.008,11.0,Aperture-priority AE,100.0,Multi-segment,"Off, Did not fire",18.0,sRGB,E 17-28mm F2.8-2.8,49.26325,20.086808,Powiat tatrzański,Lesser Poland,Poland
52815108123,8986.0,clouds,samsung,SM-G781B,0.000625,1.8,Program AE,40.0,Center-weighted average,No Flash,5.4,sRGB,FE 24-105mm F4 G OSS,43.27169,-4.988543,Asturias,Asturias,Spain
52794089284,8986.0,clouds,SONY,ILCE-7M3,0.0015625,9.0,Aperture-priority AE,100.0,Multi-segment,"Off, Did not fire",24.0,Uncalibrated,FE 24-105mm F4 G OSS,43.775989,6.384344,Alpes-de-Haute-Provence,Provence-Alpes-Côte d&#039;Azur,France
52751079581,8954.0,clouds,,,,,,,,,,,,46.508726,-1.818022,Vendée,Pays de la Loire,France
52766208033,8951.0,clouds,samsung,SM-G975F,0.0007861635220125,2.4,Program AE,50.0,Center-weighted average,No Flash,4.3,sRGB,FE 24-105mm F4 G OSS,35.33303,25.212957,Nomós Irakleíou,Crete,Greece
52787026467,8933.0,clouds,,,,,,,,,,,,,,,,
52689536318,8897.0,clouds,OLYMPUS CORPORATION,E-M1MarkII,60.0,8.0,Manual,200.0,Multi-segment,"On, Did not fire",13.0,sRGB,OLYMPUS M.12-100mm F4.0,57.733721,-4.92265,Highland,Scotland,UK
52667954216,8835.0,clouds,NIKON CORPORATION,NIKON D3200,0.02,8.0,Manual,100.0,Center-weighted average,No Flash,45.0,Uncalibrated,OLYMPUS M.12-100mm F4.0,36.773447,-3.687801,Granada,Andalusia,Spain
52679642642,8827.0,clouds,NIKON CORPORATION,NIKON Z 50,0.008,10.0,Aperture-priority AE,640.0,Multi-segment,"Off, Did not fire",28.0,sRGB,NIKKOR Z DX 16-50mm f/3.5-6.3 VR,50.347308,-4.260034,Cornwall,England,UK
52837690990,8672.0,clouds,NIKON CORPORATION,NIKON D800E,0.002,8.0,Aperture-priority AE,100.0,Multi-segment,"Off, Did not fire",40.0,Uncalibrated,28.0-300.0 mm f/3.5-5.6,-23.508376,-67.689994,Provincia de El Loa,Antofagasta,Chile
52820300210,8620.0,clouds,Canon,Canon EOS R7,0.0125,8.0,Aperture-priority AE,400.0,Multi-segment,No Flash,18.0,sRGB,18-35mm F1.8 DC HSM | Art 013,69.546896,17.654932,Lenvik,Troms,Norway
52775508418,8615.0,clouds,Canon,Canon EOS R7,0.0125,8.0,Aperture-priority AE,400.0,Multi-segment,No Flash,18.0,sRGB,18-35mm F1.8 DC HSM | Art 013,46.992105,11.17552,Politischer Bezirk Innsbruck Land,Tyrol,Austria
52799723641,8596.0,clouds,NIKON CORPORATION,NIKON D750,0.002,11.0,Not Defined,200.0,Multi-segment,"Off, Did not fire",24.0,sRGB,24.0-120.0 mm f/4.0,34.048707,-77.920963,New Hanover,North Carolina,United States
52717451209,8576.0,clouds,Canon,Canon EOS R5,0.0025,10.0,Manual,125.0,Multi-segment,No Flash,24.0,sRGB,RF24-105mm F4-7.1 IS STM,50.800754,-0.549963,West Sussex,England,UK
52810388136,8557.0,clouds,NIKON CORPORATION,NIKON D5200,0.004,10.0,Not Defined,200.0,Multi-segment,"Off, Did not fire",16.0,Uncalibrated,10.0-24.0 mm f/3.5-4.5,53.324926,-1.643314,Derbyshire,England,UK
52667592447,8550.0,clouds,Canon,Canon EOS 60D,1.0,11.0,Manual,160.0,Multi-segment,"Off, Did not fire",12.0,sRGB,10-20mm,,,,,
52754461325,8531.0,clouds,SONY,ILCE-6600,0.025,10.0,Aperture-priority AE,100.0,Multi-segment,"Off, Did not fire",20.1,sRGB,18-50mm F2.8 DC DN | Contemporary 021,54.192173,-2.907793,Cumbria,England,UK
52766828924,8511.0,clouds,SONY,ILCE-7RM2,0.0125,13.0,Manual,250.0,Multi-segment,"Off, Did not fire",16.0,sRGB,FE 16-35mm F4 ZA OSS,,,,,
52711148930,8506.0,clouds,SONY,ILCE-7RM2,0.0125,13.0,Manual,250.0,Multi-segment,"Off, Did not fire",16.0,sRGB,FE 16-35mm F4 ZA OSS,,,,,
52689030633,8459.0,clouds,Canon,Canon EOS 5DS R,0.004,7.1,Manual,100.0,Spot,"Off, Did not fire",24.0,sRGB,EF24-105mm f/4L IS USM,51.990147,-2.161882,Gloucestershire,England,UK
52681868030,8451.0,clouds,NIKON CORPORATION,NIKON D750,0.0666666666666666,8.0,Manual,100.0,Multi-segment,"Off, Did not fire",24.0,Uncalibrated,24.0-120.0 mm f/4.0,,,,,
52740412653,8436.0,clouds,Canon,Canon EOS R,20.0,9.0,Aperture-priority AE,100.0,Multi-segment,No Flash,29.0,sRGB,EF17-40mm f/4L USM,,,,,
52824636120,8404.0,clouds,NIKON CORPORATION,NIKON Z 6_2,0.0015625,11.0,Manual,100.0,Multi-segment,No Flash,24.0,sRGB,NIKKOR Z 14-24mm f/2.8 S,63.879675,-22.448495,Grindavíkurbær,Southern Peninsula,Iceland
52772976228,8337.0,clouds,,,,,,,,,,,,40.068116,-94.434881,Gentry,Missouri,United States
52777114243,8280.0,clouds,,,,,,,,,,,,50.610386,-1.958848,Dorset,England,UK
52753780625,8264.0,clouds,NIKON CORPORATION,NIKON Z 6_2,0.0015625,11.0,Manual,100.0,Multi-segment,No Flash,24.0,sRGB,NIKKOR Z 14-24mm f/2.8 S,10.58955,124.303927,Province of Cebu,Central Visayas,Philippines
52666705439,8256.0,clouds,NIKON CORPORATION,NIKON D750,15.0,13.0,Manual,50.0,Multi-segment,"Off, Did not fire",16.0,sRGB,16.0-35.0 mm f/4.0,49.183049,20.076656,Poprad District,Presov,Slovakia
52689334790,8252.0,clouds,OLYMPUS CORPORATION,PEN-F,0.0166666666666666,6.3,Manual,200.0,Multi-segment,"Off, Did not fire",7.0,sRGB,OLYMPUS M.7-14mm F2.8,,,,,
52792382331,8240.0,clouds,Leica Camera AG,LEICA M (Typ 240),0.0005,8.0,Manual,400.0,Center-weighted average,No Flash,35.0,Uncalibrated,Summicron-M 1:2/35 ASPH.,55.730686,9.114822,Billund Kommune,South Denmark,Denmark
52678699572,8215.0,clouds,NIKON CORPORATION,NIKON D3500,0.0166666666666666,7.1,Aperture-priority AE,100.0,Multi-segment,"Off, Did not fire",50.0,sRGB,Summicron-M 1:2/35 ASPH.,,,,,
52674572415,8166.0,clouds,Canon,Canon EOS 5D Mark III,0.001,11.0,Manual,800.0,Multi-segment,"Off, Did not fire",252.0,sRGB,EF70-300mm f/4-5.6L IS USM,39.602565,-123.426163,Mendocino,California,United States
52717259248,8142.0,clouds,samsung,SM-A135F,0.0026041666666666,2.2,Program AE,40.0,Center-weighted average,No Flash,1.1,Uncalibrated,EF70-300mm f/4-5.6L IS USM,36.728686,-3.693637,Granada,Andalusia,Spain
52712137829,8128.0,clouds,SONY,ILCE-7RM4,0.02,11.0,Manual,125.0,Center-weighted average,"Off, Did not fire",26.0,Uncalibrated,E 17-28mm F2.8-2.8,,,,,
52798241108,8123.0,clouds,SONY,ILCE-7RM2,0.003125,8.0,Manual,100.0,Spot,"Off, Did not fire",16.0,sRGB,FE 16-35mm F4 ZA OSS,47.155027,9.313316,Wahlkreis Werdenberg,Saint Gall,Switzerland
52782706489,8112.0,clouds,NIKON CORPORATION,NIKON D90,0.0166666666666666,14.0,Aperture-priority AE,200.0,Multi-segment,No Flash,18.0,sRGB,18.0-105.0 mm f/3.5-5.6,56.645449,-4.93856,Highland,Scotland,UK
52682746178,8098.0,clouds,NIKON CORPORATION,NIKON D90,0.0166666666666666,14.0,Aperture-priority AE,200.0,Multi-segment,No Flash,18.0,sRGB,18.0-105.0 mm f/3.5-5.6,,,,,
52769444473,8028.0,clouds,Apple,iPhone 7,0.0015151515151515,1.8,Program AE,20.0,Multi-segment,"Off, Did not fire",4.0,Uncalibrated,18.0-105.0 mm f/3.5-5.6,,,,,
52784970219,8013.0,clouds,Apple,iPhone 7,0.0015151515151515,1.8,Program AE,20.0,Multi-segment,"Off, Did not fire",4.0,Uncalibrated,18.0-105.0 mm f/3.5-5.6,,,,,
52744116312,7979.0,clouds,FUJIFILM,X-E3,0.0041666666666666,8.0,Aperture-priority AE,200.0,Multi-segment,No Flash,16.0,Uncalibrated,XF16-80mmF4 R OIS WR,51.382095,-1.284359,West Berkshire,England,UK
52713591532,7968.0,clouds,,,,,,,,,,,,,,,,
52735741745,7955.0,clouds,NIKON CORPORATION,NIKON D3300,10.0,18.0,Manual,100.0,Multi-segment,No Flash,32.0,sRGB,18.0-140.0 mm f/3.5-5.6,,,,,
52724360553,7922.0,clouds,FUJIFILM,X-T3,2.5,4.5,Manual,160.0,Average,No Flash,16.0,Uncalibrated,Fujifilm Fujinon XF16mmF1.4 R WR,,,,,
52749207762,7893.0,clouds,SONY,ILCE-7M2,0.0005,4.5,Program AE,100.0,Multi-segment,"Off, Did not fire",16.0,sRGB,----,48.121058,-123.427182,Clallam,Washington,United States
52799183767,7893.0,clouds,NIKON CORPORATION,NIKON D810,84.0,18.0,Manual,64.0,Multi-segment,"Off, Did not fire",16.0,Uncalibrated,16.0-35.0 mm f/4.0,44.719767,-1.205041,Gironde,Nouvelle-Aquitaine,France
52745648501,7872.0,clouds,NIKON CORPORATION,NIKON D500,0.0008,18.0,Program AE,1250.0,Multi-segment,No Flash,18.0,sRGB,16.0-35.0 mm f/4.0,42.32956,2.346557,Girona,Catalonia,Spain
52745453562,7829.0,clouds,NIKON CORPORATION,NIKON Z 9,0.025,5.6,Manual,64.0,Multi-segment,No Flash,24.0,Uncalibrated,14-24mm f/2.8G,33.666659,-111.472413,Maricopa,Arizona,United States
52734168059,7825.0,clouds,NIKON CORPORATION,NIKON D40,0.005,7.1,Not Defined,200.0,Multi-segment,No Flash,18.0,sRGB,14-24mm f/2.8G,51.18705,-0.615159,Surrey,England,UK
52730808967,7822.0,clouds,Apple,iPhone 14 Plus,0.0008896797153024,1.5,Program AE,50.0,Multi-segment,"Off, Did not fire",5.7,Uncalibrated,iPhone 14 Plus back dual wide camera 5.7mm f/1.5,,,,,
52718139608,7800.0,clouds,,,,,,,,,,,,56.543113,-4.47504,Perth and Kinross,Scotland,UK
52684891194,7797.0,clouds,OM Digital Solutions,OM-1,13.0,2.8,Shutter speed priority AE,200.0,Spot,"Off, Did not fire",15.0,sRGB,OM 12-40mm F2.8 II,41.722027,2.939088,Girona,Catalonia,Spain
52753622808,7777.0,clouds,,,,,,,,,,,,,,,,
52709543418,7769.0,clouds,SONY,ILCE-7M3,25.0,22.0,Aperture-priority AE,50.0,Multi-segment,"Off, Did not fire",34.0,sRGB,FE 24-105mm F4 G OSS,50.859962,1.57973,Pas-de-Calais,Hauts-de-France,France
52751967976,7752.0,clouds,LEICA CAMERA AG,LEICA Q (Typ 116),0.0166666666666666,4.0,Aperture-priority AE,400.0,Spot,"Off, Did not fire",28.0,sRGB,28.0 mm f/1.7,45.433334,12.339856,Venice,Veneto,Italy
52746336602,7721.0,clouds,NIKON CORPORATION,NIKON Z 6,0.008,16.0,Manual,100.0,Multi-segment,No Flash,14.0,sRGB,14.0 mm f/1.8,,,,,
52816099755,7719.0,clouds,NIKON CORPORATION,NIKON Z 9,0.008,8.0,Manual,800.0,Multi-segment,No Flash,24.0,Uncalibrated,24-70mm f/2.8G,33.64335,-111.852053,Maricopa,Arizona,United States
52786282925,7652.0,clouds,NIKON CORPORATION,NIKON Z 7_2,0.0015625,8.0,Manual,400.0,Multi-segment,No Flash,200.0,sRGB,VR 70-200mm f/2.8E,51.655743,20.826936,Powiat białobrzeski,Mazovia,Poland
52763932365,7630.0,clouds,,,,,,,,,,,,,,,,
52791810500,7571.0,clouds,,,,,,,,,,,,,,,,
52718231528,7553.0,clouds,NIKON CORPORATION,NIKON Z 7_2,0.0015625,8.0,Manual,400.0,Multi-segment,No Flash,200.0,Uncalibrated,VR 70-200mm f/2.8E,43.992947,1.711341,Tarn,Occitanie,France
52721020219,7528.0,clouds,Canon,Canon EOS 5D Mark III,0.0003125,16.0,Manual,640.0,Partial,"Off, Did not fire",300.0,sRGB,EF70-300mm f/4-5.6L IS USM,,,,,
52740786755,7495.0,clouds,,,,,,,,,,,,,,,,
52809149165,7464.0,clouds,Canon,Canon EOS 5D Mark III,0.0003125,16.0,Manual,640.0,Partial,"Off, Did not fire",300.0,Uncalibrated,EF70-300mm f/4-5.6L IS USM,48.980977,5.702719,Meuse,Grand Est,France
52746174610,7444.0,clouds,,,,,,,,,,,,,,,,
52770795805,7438.0,clouds,Canon,Canon EOS 80D,0.003125,5.0,Manual,100.0,Multi-segment,"Off, Did not fire",54.0,sRGB,18-200mm F3.5-6.3 DC MACRO OS HSM | Contemporary 014,37.970751,23.73932,Nomarchía Athínas,Attica,Greece
52818760971,7434.0,clouds,"RICOH IMAGING COMPANY, LTD.",PENTAX K-3 II,0.003125,8.0,Manual,400.0,Multi-segment,"Off, Did not fire",135.0,Uncalibrated,18-200mm F3.5-6.3 DC MACRO OS HSM | Contemporary 014,43.150196,5.948684,Var,Provence-Alpes-Côte d&#039;Azur,France
52817292471,7412.0,clouds,Canon,Canon EOS R5,0.003125,8.0,Manual,640.0,Multi-segment,No Flash,29.0,sRGB,RF28-70mm F2 L USM,37.622735,-112.165971,Garfield,Utah,United States
52720752953,7411.0,clouds,FUJIFILM,X-T5,0.0005,6.4,Manual,500.0,Multi-segment,No Flash,300.0,sRGB,XF70-300mmF4-5.6 R LM OIS WR,29.555169,-95.585706,Fort Bend,Texas,United States
52783620027,7387.0,clouds,SONY,DSC-RX100,0.008,11.0,Aperture-priority AE,400.0,Multi-segment,"Off, Did not fire",37.0,sRGB,XF70-300mmF4-5.6 R LM OIS WR,,,,,
52820125540,7321.0,clouds,SONY,ILCE-6000,0.00025,6.3,Manual,100.0,Multi-segment,"Off, Did not fire",30.0,sRGB,30mm F1.4 DC DN | Contemporary 016,,,,,
52666929125,7300.0,clouds,OLYMPUS CORPORATION,PEN-F,0.0004,4.0,Aperture-priority AE,250.0,Multi-segment,"Off, Did not fire",12.0,sRGB,OLYMPUS M.12mm F2.0,51.225828,2.922674,West Flanders,Flanders,Belgium
52764202417,7276.0,clouds,NIKON CORPORATION,NIKON D800,0.0015625,7.1,Aperture-priority AE,400.0,Center-weighted average,"Off, Did not fire",35.0,sRGB,24.0-120.0 mm f/4.0,53.336708,-2.874392,Liverpool,England,UK
52684762479,7261.0,clouds,NIKON CORPORATION,NIKON D800,0.0015625,7.1,Aperture-priority AE,400.0,Center-weighted average,"Off, Did not fire",35.0,Uncalibrated,24.0-120.0 mm f/4.0,42.50153,2.034379,Pyrénées-Orientales,Occitanie,France
52826483861,7259.0,clouds,DJI,FC4170,0.1,4.4,Manual,100.0,Average,No Flash,29.9,sRGB,161.0 mm f/4.4,-33.372881,151.488255,Central Coast,New South Wales,Australia
52749508647,7253.0,clouds,FUJIFILM,X-Pro2,0.0045454545454545,8.0,Aperture-priority AE,200.0,Multi-segment,No Flash,17.4,sRGB,XF10-24mmF4 R OIS,37.236275,-89.262866,Alexander,Illinois,United States
52732923001,7250.0,clouds,,,,,,,,,,,,54.4582,-6.082267,Lisburn and Castlereagh,N Ireland,UK
52680825122,7237.0,clouds,,,,,,,,,,,,42.134483,-83.182006,Wayne,Michigan,United States
52795963735,7174.0,clouds,Canon,Canon EOS 750D,0.00625,6.3,Shutter speed priority AE,800.0,Multi-segment,"Off, Did not fire",270.0,sRGB,18-270mm,48.70872,-1.8451,Ille-et-Vilaine,Brittany,France
52689273891,7157.0,clouds,SONY,ILCE-7RM4,0.000625,9.0,Manual,125.0,Multi-segment,"Off, Did not fire",61.0,sRGB,FE 24-105mm F4 G OSS,,,,,
52791386276,7078.0,clouds,SONY,ILCE-7RM4,0.000625,9.0,Manual,125.0,Multi-segment,"Off, Did not fire",61.0,sRGB,FE 24-105mm F4 G OSS,,,,,
52673089198,7040.0,clouds,samsung,SM-A526B,0.0008,1.8,Program AE,50.0,Center-weighted average,No Flash,5.2,sRGB,FE 24-105mm F4 G OSS,47.727398,13.438025,Politischer Bezirk Salzburg-Umgebung,Salzburg,Austria
52735322430,7036.0,clouds,NIKON CORPORATION,NIKON Z 9,4.0,2.8,Manual,800.0,Center-weighted average,No Flash,22.0,sRGB,NIKKOR Z 14-24mm f/2.8 S,,,,,
52692239737,7036.0,clouds,,,,,,,,,,,,54.366313,-6.364881,Armagh City Banbridge and Craigavon,N Ireland,UK
52667994336,7028.0,clouds,,,,,,,,,,,,52.517598,13.395627,,Land Berlin,Germany
52675876239,7013.0,clouds,SONY,ILCE-7RM4A,0.00125,8.0,Program AE,100.0,Center-weighted average,"Off, Did not fire",16.5,sRGB,FE PZ 16-35mm F4 G,46.332321,-74.499902,Laurentides,Quebec,Canada
52756713937,6993.0,clouds,NIKON CORPORATION,NIKON D700,0.004,8.0,Aperture-priority AE,200.0,Multi-segment,No Flash,70.0,Uncalibrated,70.0-300.0 mm f/4.5-5.6,20.713529,-156.226887,Maui,Hawaii,United States
52679168734,6987.0,clouds,Canon,Canon EOS 70D,0.005,8.0,Aperture-priority AE,400.0,Partial,"Off, Did not fire",24.0,sRGB,EF24-105mm f/4L IS USM,40.541635,-74.142472,Richmond,New York,United States
52780416201,6954.0,clouds,NIKON CORPORATION,NIKON D7500,0.00125,7.1,Manual,200.0,Multi-segment,"Off, Did not fire",210.0,Uncalibrated,150.0-600.0 mm f/5.0-6.3,,,,,
52754562632,6909.0,clouds,Canon,Canon EOS R5,0.005,16.0,Aperture-priority AE,400.0,Multi-segment,No Flash,43.0,sRGB,RF24-105mm F4 L IS USM,35.232837,-120.751701,San Luis Obispo,California,United States
52732513110,6873.0,clouds,SONY,ILCE-1,0.005,11.0,Manual,100.0,Multi-segment,"Off, Did not fire",24.0,Uncalibrated,FE 24-70mm F2.8 GM,34.588492,-112.421894,Yavapai,Arizona,United States
52680613007,6853.0,clouds,Canon,Canon EOS 6D,0.00625,14.0,Aperture-priority AE,100.0,Multi-segment,"Off, Did not fire",14.0,sRGB,14mm,39.058674,-76.612614,Anne Arundel,Maryland,United States
52740248362,6841.0,clouds,SONY,ILCE-6300,0.008,5.0,Program AE,100.0,Multi-segment,"Off, Did not fire",55.0,sRGB,E 55-210mm F4.5-6.3 OSS,-20.434853,-41.795764,Alto Caparaó,Minas Gerais,Brazil
52763395377,6831.0,clouds,SONY,ILCE-7RM2,0.003125,7.1,Aperture-priority AE,100.0,Multi-segment,"Off, Did not fire",300.0,sRGB,FE 70-300mm F4.5-5.6 G OSS,45.774391,9.537869,Provincia di Bergamo,Lombardy,Italy
52722142530,6824.0,clouds,NIKON CORPORATION,NIKON D810,0.0025,8.0,Manual,160.0,Multi-segment,"Off, Did not fire",28.0,Uncalibrated,24.0-70.0 mm f/2.8,27.377864,88.760261,East District,Sikkim,India
52732967926,6806.0,clouds,NIKON CORPORATION,NIKON D810,0.0025,8.0,Manual,160.0,Multi-segment,"Off, Did not fire",28.0,sRGB,24.0-70.0 mm f/2.8,,,,,
52723361898,6799.0,clouds,NIKON CORPORATION,NIKON Z 50,25.0,16.0,Aperture-priority AE,100.0,Multi-segment,"Off, Did not fire",26.5,sRGB,NIKKOR Z DX 16-50mm f/3.5-6.3 VR,50.361205,-4.315266,Cornwall,England,UK
52696163930,6797.0,clouds,SONY,ILCE-1,0.0003125,8.0,Aperture-priority AE,100.0,Multi-segment,"Off, Did not fire",100.0,sRGB,FE 100mm F2.8 STF GM OSS,32.073301,34.763982,Cornwall,Tel Aviv,Israel
52740669375,6726.0,clouds,NIKON CORPORATION,NIKON D700,0.0025,8.0,Aperture-priority AE,200.0,Multi-segment,No Flash,20.0,Uncalibrated,20.0 mm f/2.8,20.713529,-156.226887,Maui,Hawaii,United States
52740088937,6712.0,clouds,NIKON CORPORATION,NIKON D850,0.003125,4.0,Aperture-priority AE,64.0,Other,No Flash,14.0,Uncalibrated,20.0 mm f/2.8,54.185085,10.168501,,Schleswig-Holstein,Germany
52667278930,6691.0,clouds,Canon,Canon EOS 5D Mark III,30.0,7.1,Manual,100.0,Spot,"Off, Did not fire",23.0,Uncalibrated,EF16-35mm f/2.8L II USM,38.495779,-0.260356,Alicante,Valencia,Spain
52747889453,6681.0,clouds,Canon,Canon EOS 700D,0.002,5.6,Aperture-priority AE,100.0,Partial,"Off, Did not fire",80.0,sRGB,18-300mm F3.5-6.3 DC MACRO OS HSM | Contemporary 014,52.441558,-0.994334,Northamptonshire,England,UK
52709899927,6606.0,clouds,,,,,,,,,,,,36.303505,-116.864318,Inyo,California,United States
52832228903,6605.0,clouds,FUJIFILM,X-T3,0.009090909090909,8.0,Aperture-priority AE,80.0,Spot,No Flash,105.5,sRGB,XF70-300mmF4-5.6 R LM OIS WR,,,,,
52712242880,6601.0,clouds,FUJIFILM,X-T3,0.009090909090909,8.0,Aperture-priority AE,80.0,Spot,No Flash,105.5,Uncalibrated,XF70-300mmF4-5.6 R LM OIS WR,43.105993,-1.073664,Pyrénées-Atlantiques,Nouvelle-Aquitaine,France
52781720771,6582.0,clouds,SONY,ILCE-7M4,0.0166666666666666,8.0,Manual,200.0,Multi-segment,"Off, Did not fire",32.0,sRGB,E 28-75mm F2.8 A063,51.303145,0.479503,Kent,England,UK
52819086870,6550.0,clouds,,,,,,,,,,,,,,,,
52805705389,6539.0,clouds,SONY,ILCE-7M4,0.0166666666666666,8.0,Manual,200.0,Multi-segment,"Off, Did not fire",32.0,sRGB,E 28-75mm F2.8 A063,-31.613453,152.290678,Mid-Coast,New South Wales,Australia
52841451192,6501.0,clouds,Canon,Canon EOS Rebel T6,20.0,16.0,Manual,100.0,Partial,"Off, Did not fire",34.0,sRGB,EF-S18-55mm f/3.5-5.6 IS II,,,,,
52686404287,6500.0,clouds,HUAWEI,JNY-LX1,0.04,1.8,Program AE,2000.0,Multi-segment,No Flash,4.8,sRGB,EF-S18-55mm f/3.5-5.6 IS II,51.443722,20.461711,Powiat opoczyński,Łódź Voivodeship,Poland
52795383926,6486.0,clouds,Canon,Canon EOS 70D,0.1666666666666666,5.0,Shutter speed priority AE,1600.0,Spot,"Off, Did not fire",45.0,sRGB,EF-S18-55mm f/3.5-5.6 IS II,,,,,
52812437594,6477.0,clouds,NIKON CORPORATION,NIKON D7200,0.0166666666666666,16.0,Aperture-priority AE,100.0,Multi-segment,"Off, Did not fire",18.0,Uncalibrated,18.0-300.0 mm f/3.5-6.3,40.462229,-3.691803,Madrid,Madrid,Spain
52774082676,6462.0,clouds,Panasonic,DMC-G3,0.0166666666666666,16.0,Aperture-priority AE,100.0,Multi-segment,"Off, Did not fire",18.0,sRGB,LUMIX G VARIO 14-42/F3.5-5.6,,,,,
52716094105,6439.0,clouds,Canon,Canon EOS 6D,0.02,11.0,Aperture-priority AE,100.0,Multi-segment,"Off, Did not fire",15.0,sRGB,TAMRON SP 15-30mm F/2.8 Di VC USD G2 A041,38.780222,-75.085356,Sussex,Delaware,United States
52723044382,6429.0,clouds,samsung,SM-G781B,0.0008,2.2,Program AE,40.0,Center-weighted average,No Flash,1.7,sRGB,TAMRON SP 15-30mm F/2.8 Di VC USD G2 A041,43.420291,-4.753303,Asturias,Asturias,Spain
52668656818,6406.0,clouds,NIKON CORPORATION,NIKON Z 6,0.001,11.0,Aperture-priority AE,320.0,Multi-segment,No Flash,70.0,sRGB,NIKKOR Z 24-70mm f/4 S,,,,,
52681893018,6395.0,clouds,HUAWEI,CLT-L29,0.000372995151063,1.8,Program AE,50.0,Multi-segment,No Flash,5.6,sRGB,NIKKOR Z 24-70mm f/4 S,12.599711,100.955925,Asturias,Changwat Chon Buri,Thailand
52675315957,6383.0,clouds,Apple,iPhone 11 Pro Max,0.000563063063063,2.0,Program AE,20.0,Multi-segment,"Auto, Did not fire",6.0,Uncalibrated,iPhone 11 Pro Max back triple camera 6mm f/2,,,,,
52746077427,6348.0,clouds,SONY,ILCE-6300,0.005,10.0,Landscape,100.0,Multi-segment,"Off, Did not fire",16.0,sRGB,E PZ 16-50mm F3.5-5.6 OSS,-20.444023,-41.811969,Alto Caparaó,Minas Gerais,Brazil
52745225407,6323.0,clouds,SONY,ILCE-7M2,0.0005,0.0,Manual,100.0,Spot,"Off, Did not fire",0.0,sRGB,----,,,,,
52752227437,6291.0,clouds,Canon,Canon EOS 550D,0.004,4.5,Manual,100.0,Multi-segment,"Off, Did not fire",18.0,sRGB,EF-S18-55mm f/3.5-5.6 IS,43.373361,-8.402953,A Coruña,Galicia,Spain
52791738082,6286.0,clouds,SONY,ILCE-6400,0.01,14.0,Aperture-priority AE,100.0,Multi-segment,"Off, Did not fire",16.0,Adobe RGB,Sony E PZ 16-50mm f/3.5-5.6 OSS,21.318671,-157.959365,Honolulu,Hawaii,United States
52843154973,6218.0,clouds,SONY,ILCE-6400,0.01,14.0,Aperture-priority AE,100.0,Multi-segment,"Off, Did not fire",16.0,Adobe RGB,Sony E PZ 16-50mm f/3.5-5.6 OSS,36.618834,22.48867,Laconia,Peloponnese,Greece
52718365992,6170.0,clouds,SONY,ILCE-6400,0.01,14.0,Aperture-priority AE,100.0,Multi-segment,"Off, Did not fire",16.0,Adobe RGB,Sony E PZ 16-50mm f/3.5-5.6 OSS,,,,,
52804794282,6153.0,clouds,Canon,Canon EOS 5D Mark II,0.008,6.3,Program AE,100.0,Partial,"Off, Did not fire",25.0,sRGB,Tamron AF 24-70mm F3.3-5.6 Aspherical,45.709902,15.594105,Grad Jastrebarsko,Zagreb County,Croatia
52747458325,6153.0,clouds,SONY,ILCE-7RM4A,0.00625,10.0,Program AE,100.0,Multi-segment,"Off, Did not fire",69.0,sRGB,FE 24-240mm F3.5-6.3 OSS,38.281313,37.386474,Laconia,Kahramanmaraş,Turkey
52811099695,6134.0,clouds,Apple,iPhone 13 Pro,0.0002631578947368,1.5,Program AE,50.0,Multi-segment,"Off, Did not fire",5.7,sRGB,iPhone 13 Pro back triple camera 5.7mm f/1.5,8.963472,-79.574578,Grad Jastrebarsko,Provincia de Panamá,Panama
52787112756,6124.0,clouds,SONY,ILCE-7RM4,0.001,10.0,Manual,200.0,Multi-segment,"Off, Did not fire",297.0,sRGB,FE 100-400mm F4.5-5.6 GM OSS,,,,,
52772390258,6114.0,clouds,OLYMPUS CORPORATION,E-M10MarkIIIS,0.0025,9.0,Creative (Slow speed),200.0,Multi-segment,"On, Did not fire",17.0,sRGB,OLYMPUS M.14-42mm F3.5-5.6 II R,49.317833,6.784851,,Saarland,Germany
52750383799,6110.0,clouds,FUJIFILM,X-T5,0.005,5.6,Program AE,125.0,Multi-segment,No Flash,135.0,sRGB,XF18-135mmF3.5-5.6R LM OIS WR,40.599356,-73.483085,Suffolk,New York,United States
52830207247,6088.0,clouds,FUJIFILM,X-Pro2,0.0013333333333333,8.0,Aperture-priority AE,200.0,Multi-segment,No Flash,18.0,sRGB,XF18mmF2 R,37.277203,-89.184944,Pulaski,Illinois,United States
52767739501,6086.0,clouds,FUJIFILM,X-Pro2,0.0013333333333333,8.0,Aperture-priority AE,200.0,Multi-segment,No Flash,18.0,sRGB,XF18mmF2 R,55.785194,-4.847148,North Ayrshire,Scotland,UK
52735326378,6085.0,clouds,FUJIFILM,X-Pro2,0.0013333333333333,8.0,Aperture-priority AE,200.0,Multi-segment,No Flash,18.0,sRGB,XF18mmF2 R,52.913819,-4.097945,Gwynedd,Wales,UK
52708507044,6072.0,clouds,FUJIFILM,X-T2,0.000125,2.0,Aperture-priority AE,200.0,Center-weighted average,No Flash,35.0,Uncalibrated,XF35mmF2 R WR,,,,,
52684277330,6066.0,clouds,SONY,ILCE-7RM2,0.005,10.0,Aperture-priority AE,160.0,Multi-segment,"Off, Did not fire",180.0,sRGB,70-400mm F4-5.6 G SSM,45.91303,9.315791,Provincia di Lecco,Lombardy,Italy
52670042402,5993.0,clouds,NIKON CORPORATION,NIKON Z 6_2,0.002,8.0,Manual,125.0,Center-weighted average,No Flash,24.0,sRGB,NIKKOR Z 24-120mm f/4 S,,,,,
52737175572,5872.0,clouds,NIKON CORPORATION,NIKON Z 6_2,0.002,8.0,Manual,125.0,Center-weighted average,No Flash,24.0,sRGB,NIKKOR Z 24-120mm f/4 S,,,,,
52839904336,5838.0,clouds,Google,Pixel 6 Pro,0.0021978021978021,3.5,Program AE,27.0,Center-weighted average,"Off, Did not fire",19.0,sRGB,Pixel 6 Pro back camera 19.0mm f/3.5,49.801811,11.763205,Upper Palatinate,Bavaria,Germany
52776116208,5834.0,clouds,Canon,Canon EOS 6D,0.000625,5.6,Manual,320.0,Multi-segment,"Off, Did not fire",28.0,sRGB,EF28-80mm f/3.5-5.6,53.140805,-4.378892,Anglesey,Wales,UK
52741162002,5778.0,clouds,NIKON CORPORATION,NIKON D7200,0.0015625,11.0,Shutter speed priority AE,100.0,Multi-segment,"Off, Did not fire",190.0,sRGB,18.0-300.0 mm f/3.5-5.6,42.245535,-88.364547,McHenry,Illinois,United States
52820321113,5776.0,clouds,,,,,,,,,,,,47.944488,11.484521,Upper Bavaria,Bavaria,Germany
52677404570,5738.0,clouds,Panasonic,DMC-FZ30,0.025,2.8,Program AE,80.0,Multi-segment,"Off, Did not fire",7.4,sRGB,18.0-300.0 mm f/3.5-5.6,42.34167,-82.980079,Upper Bavaria,Ontario,Canada
52795440556,5705.0,clouds,FUJIFILM,X-E3,0.0025,5.6,Aperture-priority AE,200.0,Multi-segment,No Flash,16.0,Uncalibrated,Fujifilm Fujinon XF16mmF2.8 R WR,,,,,
52718226907,5690.0,clouds,Canon,Canon EOS Rebel T6,0.01,10.0,Landscape,100.0,Multi-segment,"Off, Did not fire",18.0,sRGB,EF-S18-55mm f/3.5-5.6 IS II,36.996931,-110.184717,Navajo,Arizona,United States
52747734004,5687.0,clouds,SONY,ILCE-6300,0.005,10.0,Program AE,100.0,Multi-segment,"Auto, Did not fire",16.0,sRGB,E PZ 16-50mm F3.5-5.6 OSS,-20.44407,-41.811653,Alto Caparaó,Minas Gerais,Brazil
52837473083,5684.0,clouds,Canon,Canon EOS 6D,0.004,8.0,Aperture-priority AE,160.0,Multi-segment,"Off, Did not fire",70.0,sRGB,EF24-70mm f/2.8L II USM,57.984544,-7.073953,Western Isles,Scotland,UK
52821031444,5684.0,clouds,NIKON CORPORATION,NIKON Z 7_2,0.004,7.1,Manual,100.0,Center-weighted average,No Flash,105.0,sRGB,NIKKOR Z 24-200mm f/4-6.3 VR,45.256386,5.92585,Isère,Auvergne-Rhône-Alpes,France
52777432412,5678.0,clouds,Panasonic,DC-FZ82,0.00125,5.6,Landscape,80.0,Multi-segment,"Off, Did not fire",19.7,Uncalibrated,,43.101853,11.969625,Provincia di Perugia,Umbria,Italy
52680926448,5675.0,clouds,SONY,ILCE-7RM3,2.0,11.0,Manual,100.0,Multi-segment,"Off, Did not fire",25.0,Uncalibrated,ZEISS Loxia 2.4/25,38.840334,-9.462515,Sintra Municipality,Lisbon,Portugal
52761670624,5674.0,clouds,,,,,,,,,,,,36.692727,-6.423206,Cadiz,Andalusia,Spain
52739724937,5663.0,clouds,SONY,ILCE-6300,0.0166666666666666,4.0,Program AE,100.0,Multi-segment,"Off, Did not fire",16.0,sRGB,E PZ 16-50mm F3.5-5.6 OSS,-20.434853,-41.795764,Alto Caparaó,Minas Gerais,Brazil
52819298565,5660.0,clouds,Sony,ILCE-7RM3,0.25,8.0,Program AE,125.0,Multi-segment,"Off, Did not fire",72.0,Uncalibrated,E PZ 16-50mm F3.5-5.6 OSS,52.526958,21.340049,Powiat wyszkowski,Mazovia,Poland
52784855901,5626.0,clouds,,,,,,,,,,,,52.515874,13.403427,,Land Berlin,Germany
52679313403,5535.0,clouds,NIKON CORPORATION,NIKON D800,30.0,16.0,Manual,100.0,Multi-segment,"Off, Did not fire",35.0,sRGB,AF-S Nikkor 16-35mm f/4G ED VR,56.570767,-5.382174,Argyll and Bute,Scotland,UK
52831730556,5504.0,clouds,NIKON CORPORATION,NIKON D800,30.0,16.0,Manual,100.0,Multi-segment,"Off, Did not fire",35.0,sRGB,AF-S Nikkor 16-35mm f/4G ED VR,,,,,
52693709668,5484.0,clouds,Canon,Canon EOS-1D X,30.0,5.0,Manual,320.0,Spot,"Off, Did not fire",20.0,sRGB,20mm,60.11887,31.085289,Argyll and Bute,Leningrad Oblast,Russia
52681700394,5466.0,clouds,Canon,Canon EOS-1D X,15.0,4.0,Manual,2000.0,Spot,"Off, Did not fire",20.0,sRGB,20mm,60.046975,31.034059,Argyll and Bute,Leningrad Oblast,Russia
52674362441,5418.0,clouds,NIKON CORPORATION,NIKON Z 6_2,0.0015625,8.0,Manual,100.0,Multi-segment,No Flash,190.0,sRGB,VR 150-600mm f/5-6.3E,,,,,
52831530364,5380.0,clouds,Canon,Canon EOS 40D,0.25,22.0,Shutter speed priority AE,100.0,Multi-segment,"Off, Did not fire",16.0,Uncalibrated,Tokina AT-X 116 PRO DX II 11-16mm F2.8,34.888521,-109.807664,Apache,Arizona,United States
52798722363,5362.0,clouds,FUJIFILM,X-T3,8.0,14.0,Manual,250.0,Spot,No Flash,16.0,Uncalibrated,Fujifilm Fujinon XF16mmF1.4 R WR,,,,,
52841907642,5339.0,clouds,Hasselblad,L2D-20c,0.02,2.8,Manual,200.0,Spot,No Flash,12.3,sRGB,24.0 mm f/2.8,48.96045,12.119083,Upper Palatinate,Bavaria,Germany
52716585850,5298.0,clouds,Canon,Canon EOS-1D X,30.0,6.3,Manual,200.0,Spot,"Off, Did not fire",20.0,sRGB,20mm,59.726271,30.245532,Upper Palatinate,Leningrad Oblast,Russia
52822172748,5260.0,clouds,SONY,ILCE-7M4,0.0025,10.0,Manual,100.0,Multi-segment,"Off, Did not fire",24.6,sRGB,16-28mm F2.8 DG DN | Contemporary 022,50.990192,0.898034,Kent,England,UK
52724369112,5252.0,clouds,Canon,Canon EOS R,2.0,11.0,Manual,100.0,Multi-segment,No Flash,25.0,Uncalibrated,EF16-35mm f/2.8L II USM,38.490917,-0.277994,Alicante,Valencia,Spain
52818413403,5250.0,clouds,Canon,Canon EOS 5D Mark IV,0.0015625,6.3,Manual,400.0,Multi-segment,"Off, Did not fire",176.0,Uncalibrated,EF100-400mm f/4.5-5.6L IS II USM,-65.766726,-65.137939,Alicante,Valencia,Spain
52769539616,5190.0,clouds,Canon,Canon EOS 6D,0.00125,7.1,Aperture-priority AE,100.0,Center-weighted average,"Off, Did not fire",28.0,sRGB,EF24-105mm f/4L IS USM,64.249666,-14.985694,Sveitarfélagið Hornafjörður,East,Iceland
52822033741,5137.0,clouds,NIKON CORPORATION,NIKON D7200,0.001,7.1,Manual,320.0,Multi-segment,"Off, Did not fire",10.0,sRGB,EF24-105mm f/4L IS USM,52.649924,-3.160157,Powys,Wales,UK
52798541816,5070.0,clouds,Apple,iPhone 6 Plus,0.0018867924528301,2.2,Program AE,32.0,Multi-segment,"Auto, Did not fire",4.2,sRGB,iPhone 6 Plus back camera 4.15mm f/2.2,34.669266,33.040469,Lemesós,Lemesos,Cyprus
52737304188,5050.0,clouds,Canon,Canon EOS-1D X,13.0,6.3,Manual,50.0,Spot,"Off, Did not fire",20.0,sRGB,20mm,59.872134,30.43127,Lemesós,Leningrad Oblast,Russia
52732392149,5012.0,clouds,SONY,DSC-RX10M4,0.004,5.6,Manual,100.0,Center-weighted average,"Off, Did not fire",8.8,sRGB,24-600mm F2.4-4.0,,,,,
52714124795,5009.0,clouds,Canon,Canon EOS-1D X,30.0,6.3,Manual,200.0,Spot,"Off, Did not fire",20.0,sRGB,20mm,59.726043,30.246412,Lemesós,Leningrad Oblast,Russia
52829250381,4977.0,clouds,SONY,DSC-RX10M4,0.002,4.5,Manual,200.0,Multi-segment,"Off, Did not fire",8.8,sRGB,20mm,42.69639,10.993769,Provincia di Grosseto,Tuscany,Italy
52722628257,4921.0,clouds,FUJIFILM,X-H1,27.0,8.0,Aperture-priority AE,100.0,Multi-segment,No Flash,10.0,Uncalibrated,XF10-24mmF4 R OIS,43.553897,7.121919,Alpes-Maritimes,Provence-Alpes-Côte d&#039;Azur,France
52667519702,4767.0,clouds,Panasonic,DC-S5,27.0,5.6,Aperture-priority AE,100.0,Multi-segment,"Off, Did not fire",60.0,sRGB,LUMIX S 20-60/F3.5-5.6,,,,,
52688575154,4767.0,clouds,Canon,Canon EOS 6D,0.00025,8.0,Aperture-priority AE,250.0,Multi-segment,"Off, Did not fire",78.0,Uncalibrated,EF70-200mm f/4L IS USM,48.934214,2.025915,Yvelines,Île-de-France,France
52783438303,4452.0,clouds,NIKON CORPORATION,NIKON D850,0.0025,11.0,Aperture-priority AE,320.0,Multi-segment,No Flash,70.0,Uncalibrated,24.0-70.0 mm f/2.8,46.869568,7.478834,Bern-Mittelland District,Bern,Switzerland
52719908851,4430.0,clouds,NIKON CORPORATION,NIKON D850,0.0025,11.0,Aperture-priority AE,320.0,Multi-segment,No Flash,70.0,sRGB,24.0-70.0 mm f/2.8,,,,,
52740218908,4412.0,clouds,NIKON CORPORATION,NIKON D850,0.0025,11.0,Aperture-priority AE,320.0,Multi-segment,No Flash,70.0,Uncalibrated,24.0-70.0 mm f/2.8,57.425355,-6.783256,Highland,Scotland,UK
52737627155,4357.0,clouds,NIKON CORPORATION,NIKON D7500,0.04,18.0,Aperture-priority AE,160.0,Multi-segment,"Off, Did not fire",16.0,sRGB,24.0-70.0 mm f/2.8,36.005252,-111.924412,Coconino,Arizona,United States
52738397097,4351.0,clouds,Apple,iPhone 11 Pro Max,0.0003549875754348,1.8,Program AE,32.0,Spot,"Off, Did not fire",4.2,sRGB,iPhone 11 Pro Max back triple camera 4.25mm f/1.8,-20.453325,-41.801298,Alto Caparaó,Minas Gerais,Brazil
52772781348,4338.0,clouds,Canon,Canon EOS 80D,0.0769230769230769,8.0,Manual,100.0,Multi-segment,"Off, Did not fire",80.0,sRGB,EF-S18-200mm f/3.5-5.6 IS,,,,,
52679065648,4321.0,clouds,Canon,Canon EOS 6D,0.00625,9.0,Program AE,400.0,Multi-segment,"Off, Did not fire",24.0,sRGB,EF24-105mm f/4L IS USM,,,,,
52796957289,4313.0,clouds,Apple,iPhone SE (2nd generation),0.0027322404371584,1.8,Program AE,20.0,Multi-segment,"Off, Did not fire",4.0,sRGB,iPhone SE (2nd generation) back camera 3.99mm f/1.8,33.322623,-99.052283,Throckmorton,Texas,United States
52686284143,4272.0,clouds,Canon,Canon EOS 90D,0.0005,8.0,Manual,320.0,Multi-segment,No Flash,30.0,sRGB,EF-S18-55mm f/3.5-5.6 IS STM,,,,,
52683451119,4270.0,clouds,Canon,Canon EOS 6D,0.0166666666666666,8.0,Aperture-priority AE,100.0,Multi-segment,"Off, Did not fire",24.0,sRGB,24-70mm,29.752979,-95.360077,Harris,Texas,United States
52779571153,4265.0,clouds,SONY,DSLR-A900,0.008,9.0,Manual,1000.0,Multi-segment,"Off, Did not fire",45.0,sRGB,24-70mm,34.047743,73.406041,Harris,Khyber Pakhtunkhwa,Pakistan
52688200356,4244.0,clouds,FUJIFILM,X-E3,0.0022222222222222,10.0,Aperture-priority AE,400.0,Multi-segment,No Flash,35.8,Uncalibrated,Fujifilm Fujinon XF18-55mmF2.8-4 R LM OIS,57.082936,-4.91557,Highland,Scotland,UK
52716943466,4147.0,clouds,Canon,Canon EOS 6D,0.0004,4.0,Aperture-priority AE,1000.0,Center-weighted average,"Off, Did not fire",28.0,sRGB,EF24-105mm f/4L IS USM,48.619633,-1.511478,Manche,Normandy,France
52750874941,4147.0,clouds,samsung,SM-A526B,0.0009090909090909,1.8,Program AE,50.0,Center-weighted average,No Flash,5.2,sRGB,Fujifilm Fujinon XF18-55mmF2.8-4 R LM OIS,47.133136,12.80849,Politischer Bezirk Zell am See,Salzburg,Austria
52680509534,4133.0,clouds,Apple,iPhone 13 Pro Max,0.0012453300124533,1.8,Program AE,32.0,Multi-segment,"Off, Did not fire",1.6,sRGB,iPhone 13 Pro Max back triple camera 1.57mm f/1.8,,,,,
52806897650,4125.0,clouds,NIKON CORPORATION,NIKON D850,0.01,5.6,Manual,160.0,Multi-segment,No Flash,20.0,Uncalibrated,17.0-35.0 mm f/2.8,35.491577,138.605041,Minamitsuru-gun,Yamanashi,Japan
52780667559,4079.0,clouds,Canon,Canon EOS-1D X,25.0,9.0,Manual,125.0,Spot,"Off, Did not fire",20.0,sRGB,20mm,59.823044,30.563149,Minamitsuru-gun,Petrograd,Russia
52717905497,4050.0,clouds,NIKON CORPORATION,NIKON Z 6_2,0.008,16.0,Aperture-priority AE,100.0,Multi-segment,No Flash,28.0,sRGB,VR 28-300mm f/3.5-5.6G,,,,,
52678860324,4043.0,clouds,NIKON CORPORATION,NIKON Z 6_2,0.008,16.0,Aperture-priority AE,100.0,Multi-segment,No Flash,28.0,sRGB,VR 28-300mm f/3.5-5.6G,,,,,
52709119677,3946.0,clouds,Canon,Canon EOS 6D,0.003125,14.0,Aperture-priority AE,640.0,Center-weighted average,"Off, Did not fire",200.0,sRGB,EF70-200mm f/4L IS USM,48.619633,-1.511478,Manche,Normandy,France
52756032935,3907.0,clouds,Canon,Canon EOS 90D,0.001,5.0,Aperture-priority AE,200.0,Partial,No Flash,300.0,sRGB,EF100-400mm f/4.5-5.6L IS II USM,,,,,
52747470893,3832.0,clouds,NIKON CORPORATION,NIKON D700,0.001,8.0,Aperture-priority AE,200.0,Multi-segment,No Flash,20.0,Uncalibrated,20.0 mm f/2.8,40.633911,14.603019,Provincia di Salerno,Campania,Italy
52721882256,3817.0,clouds,NIKON CORPORATION,NIKON D7000,0.01,5.0,Not Defined,100.0,Multi-segment,No Flash,10.0,Uncalibrated,10.0-20.0 mm f/3.5,59.911613,17.574831,Uppsala Municipality,Uppsala,Sweden
52685948352,3809.0,clouds,SONY,ILCE-7RM2,0.4,16.0,Manual,100.0,Spot,"Off, Did not fire",31.0,sRGB,FE 16-35mm F4 ZA OSS,47.429933,9.103336,Wahlkreis Wil,Saint Gall,Switzerland
52682417281,3803.0,clouds,NIKON CORPORATION,NIKON Z 6_2,0.004,8.0,Not Defined,125.0,Multi-segment,No Flash,70.0,sRGB,NIKKOR Z 24-200mm f/4-6.3 VR,48.112841,9.102541,Tübingen,Baden-Württemberg,Germany
52795314833,3799.0,clouds,NIKON CORPORATION,NIKON D850,0.01,13.0,Aperture-priority AE,100.0,Multi-segment,No Flash,22.0,Uncalibrated,17.0-35.0 mm f/2.8,47.087005,7.134538,Biel/Bienne District,Bern,Switzerland
52751636521,3715.0,clouds,Canon,Canon EOS 80D,0.00625,8.0,Program AE,100.0,Multi-segment,"Off, Did not fire",35.0,Uncalibrated,EF-S18-135mm f/3.5-5.6 IS USM,46.987381,12.66421,Biel/Bienne District,Tyrol,Austria
52821618311,3700.0,clouds,,,,,,,,,,,,,,,,
52716982659,3682.0,clouds,FUJIFILM,X-E3,0.0178571428571428,11.0,Aperture-priority AE,200.0,Multi-segment,No Flash,55.0,Uncalibrated,Fujifilm Fujinon XF18-55mmF2.8-4 R LM OIS,57.425797,-6.781989,Highland,Scotland,UK
52692991180,3639.0,clouds,SONY,ILCE-7RM2,0.0125,4.5,Manual,100.0,Spot,"Off, Did not fire",16.0,sRGB,FE 16-35mm F4 ZA OSS,47.42973,9.103063,Wahlkreis Wil,Saint Gall,Switzerland
52737750217,3618.0,clouds,Canon,Canon EOS 80D,0.005,8.0,Program AE,100.0,Multi-segment,"Off, Did not fire",62.0,Uncalibrated,EF-S18-135mm f/3.5-5.6 IS USM,46.627712,12.040243,South Tyrol,Trentino-Alto Adige,Italy
52667261544,3604.0,clouds,NIKON CORPORATION,NIKON D7000,0.002,11.0,Not Defined,1000.0,Multi-segment,"Off, Did not fire",24.0,Uncalibrated,18.0-55.0 mm f/3.5-5.6,60.578339,17.818897,Tierp Municipality,Uppsala,Sweden
52754791845,3586.0,clouds,Canon,Canon EOS-1Ds Mark III,0.005,14.0,Manual,200.0,Multi-segment,No Flash,35.0,sRGB,18.0-55.0 mm f/3.5-5.6,,,,,
52692575576,3570.0,clouds,samsung,SM-G975F,0.000733137829912,2.4,Program AE,50.0,Center-weighted average,No Flash,4.3,sRGB,18.0-55.0 mm f/3.5-5.6,35.333592,25.218386,Nomós Irakleíou,Crete,Greece
52680827884,3563.0,clouds,samsung,SM-G975F,0.000733137829912,2.4,Program AE,50.0,Center-weighted average,No Flash,4.3,sRGB,18.0-55.0 mm f/3.5-5.6,,,,,
52736652538,3557.0,clouds,NIKON CORPORATION,NIKON D610,0.01,13.0,Manual,100.0,Multi-segment,"Off, Did not fire",24.0,Uncalibrated,24.0-120.0 mm f/4.0,,,,,
52797502240,3521.0,clouds,SONY,ILCE-6600,0.01,5.6,Manual,200.0,Multi-segment,"Off, Did not fire",25.0,sRGB,E 18-135mm F3.5-5.6 OSS,6.000475,80.752315,Hambantota District,Southern Province,Sri Lanka
52693709929,3518.0,clouds,PENTAX,PENTAX K200D,30.0,11.0,Aperture-priority AE,100.0,Center-weighted average,"Off, Did not fire",35.0,sRGB,E 18-135mm F3.5-5.6 OSS,,,,,
52695207789,3488.0,clouds,NIKON CORPORATION,NIKON D850,0.00625,4.0,Manual,200.0,Multi-segment,No Flash,15.0,sRGB,0.0 mm f/0.0,52.344175,-1.453886,Warwickshire,England,UK
52801808773,3479.0,clouds,,,,,,,,,,,,51.021262,5.588938,Limburg Province,Flanders,Belgium
52672013292,3467.0,clouds,NIKON CORPORATION,NIKON D610,0.005,8.0,Manual,100.0,Multi-segment,"Off, Did not fire",50.0,Uncalibrated,24.0-120.0 mm f/4.0,,,,,
52793639714,3463.0,clouds,FUJIFILM,X-H1,0.0172413793103448,8.0,Aperture-priority AE,100.0,Multi-segment,No Flash,10.0,Uncalibrated,XF10-24mmF4 R OIS,43.666774,7.214537,Alpes-Maritimes,Provence-Alpes-Côte d&#039;Azur,France
52783838619,3446.0,clouds,Canon,Canon EOS 6D,0.0008,8.0,Aperture-priority AE,100.0,Center-weighted average,"Off, Did not fire",105.0,sRGB,EF24-105mm f/4L IS USM,65.608202,-17.091808,Skútustaðahreppur,Northeast,Iceland
52716147471,3445.0,clouds,Apple,iPhone 12 Pro,0.0069444444444444,2.4,Program AE,25.0,Spot,"Off, Did not fire",1.5,Uncalibrated,iPhone 12 Pro back triple camera 1.54mm f/2.4,40.311477,-75.920578,Berks,Pennsylvania,United States
52686411645,3437.0,clouds,FUJIFILM,X-E3,0.00025,9.0,Manual,6400.0,Multi-segment,No Flash,35.8,Uncalibrated,Fujifilm Fujinon XF18-55mmF2.8-4 R LM OIS,57.082936,-4.91557,Highland,Scotland,UK
52738625614,3354.0,clouds,SONY,ILCE-7RM2,0.005,8.0,Manual,100.0,Spot,"Off, Did not fire",21.0,sRGB,FE 16-35mm F4 ZA OSS,47.429433,9.102797,Wahlkreis Wil,Saint Gall,Switzerland
52718176772,3326.0,clouds,,,,,,,,,,,,43.269033,-2.932553,Biscay,Basque Country,Spain
52768404898,3304.0,clouds,Canon,Canon EOS 5D Mark IV,0.00625,8.0,Aperture-priority AE,200.0,Multi-segment,"Off, Did not fire",28.0,sRGB,EF24-105mm f/4L IS USM,51.73355,4.096433,Gemeente Goeree-Overflakkee,South Holland,Holland
52721166806,3298.0,clouds,Apple,iPhone 12 Pro,0.0005555555555555,2.0,Aperture-priority AE,25.0,Multi-segment,No Flash,6.0,sRGB,iPhone 12 Pro back camera 6mm f/2,-39.284087,-72.22162,Provincia de Cautín,Región de la Araucanía,Chile
52719905103,3295.0,clouds,SONY,SLT-A99V,61.0,8.0,Manual,100.0,Multi-segment,"Off, Did not fire",28.0,sRGB,----,43.565094,-6.149692,Asturias,Asturias,Spain
52841106149,3281.0,clouds,NIKON CORPORATION,NIKON Z 6_2,0.004,4.0,Aperture-priority AE,50.0,Multi-segment,No Flash,49.0,Uncalibrated,NIKKOR Z 24-120mm f/4 S,51.50345,-0.120393,Greater London,England,UK
52779324876,3277.0,clouds,NIKON CORPORATION,NIKON D800E,0.0111111111111111,9.5,Aperture-priority AE,200.0,Multi-segment,"Off, Did not fire",36.0,Uncalibrated,28.0-300.0 mm f/3.5-5.6,-23.505728,-67.696063,Provincia de El Loa,Antofagasta,Chile
52765979884,3234.0,clouds,NIKON CORPORATION,NIKON Z 6_2,0.125,13.0,Aperture-priority AE,200.0,Multi-segment,"Off, Did not fire",38.0,sRGB,VR 24-120mm f/4G,37.640147,15.18332,Catania,Sicily,Italy
52686044074,3219.0,clouds,,,,,,,,,,,,33.129894,-117.069028,San Diego,California,United States
52681802593,3217.0,clouds,Apple,iPhone 12 Pro,0.0017513134851138,2.0,Program AE,25.0,Multi-segment,"Off, Did not fire",6.0,Uncalibrated,iPhone 12 Pro back triple camera 6mm f/2,51.505191,-0.171631,Greater London,England,UK
52720098729,3197.0,clouds,Canon,Canon EOS 6D,0.004,4.0,Manual,100.0,Multi-segment,"Off, Did not fire",50.0,Uncalibrated,EF50mm f/1.4 USM,,,,,
52841620042,3196.0,clouds,,,,,,,,,,,,45.493547,10.605701,Provincia di Brescia,Lombardy,Italy
52752938132,3183.0,clouds,Canon,Canon EOS 6D,0.004,4.0,Manual,100.0,Multi-segment,"Off, Did not fire",50.0,sRGB,EF50mm f/1.4 USM,,,,,
52679538540,3131.0,clouds,NIKON CORPORATION,NIKON D7000,0.0015625,13.0,Not Defined,1000.0,Multi-segment,"Off, Did not fire",30.0,Uncalibrated,18.0-55.0 mm f/3.5-5.6,60.578295,17.818706,Tierp Municipality,Uppsala,Sweden
52691230797,3128.0,clouds,NIKON CORPORATION,NIKON D800,0.0005,8.0,Manual,320.0,Spot,"Off, Did not fire",160.0,sRGB,80.0-400.0 mm f/4.5-5.6,37.831361,-122.476965,Marin,California,United States
52787568854,3126.0,clouds,Canon,Canon EOS R,6.0,14.0,Manual,100.0,Multi-segment,No Flash,33.0,Uncalibrated,24-70mm F2.8 DG OS HSM | Art 017,37.803367,-0.800478,Murcia,Murcia,Spain
52677830607,3106.0,clouds,FUJIFILM,X-T4,0.00125,6.4,Shutter speed priority AE,200.0,Average,No Flash,20.0,sRGB,XF16-55mmF2.8 R LM WR,51.847617,5.131601,West Betuwe,Provincie Gelderland,Holland
52748747721,3094.0,clouds,Canon,Canon EOS 5D Mark IV,0.02,8.0,Aperture-priority AE,200.0,Multi-segment,"Off, Did not fire",24.0,sRGB,EF24-105mm f/4L IS USM,51.676005,4.106194,Schouwen-Duiveland,Provincie Zeeland,Holland
52680475528,3089.0,clouds,Canon,Canon EOS R6,0.0025,11.0,Shutter speed priority AE,100.0,Multi-segment,No Flash,50.0,sRGB,RF24-105mm F4 L IS USM,,,,,
52717887594,3076.0,clouds,,,,,,,,,,,,,,,,
52693007006,3063.0,clouds,NIKON CORPORATION,NIKON D850,0.008,5.0,Manual,1000.0,Center-weighted average,No Flash,70.0,sRGB,70.0-200.0 mm f/2.8,41.99637,-82.835848,Schouwen-Duiveland,Ontario,Canada
52708662533,3057.0,clouds,NIKON CORPORATION,NIKON D5500,0.004,8.0,Program AE,100.0,Multi-segment,"Off, Did not fire",24.0,Uncalibrated,70.0-200.0 mm f/2.8,,,,,
52684268980,3046.0,clouds,NIKON CORPORATION,NIKON D5500,0.004,8.0,Program AE,100.0,Multi-segment,"Off, Did not fire",24.0,Uncalibrated,70.0-200.0 mm f/2.8,,,,,
52754338674,3039.0,clouds,NIKON CORPORATION,NIKON D5500,0.004,8.0,Program AE,100.0,Multi-segment,"Off, Did not fire",24.0,sRGB,70.0-200.0 mm f/2.8,,,,,
52720417219,3016.0,clouds,FUJIFILM,X-S10,0.001,8.0,Manual,1250.0,Multi-segment,No Flash,23.0,Uncalibrated,Fujifilm Fujinon XF23mmF2 R WR,,,,,
52712230445,3000.0,clouds,Canon,Canon EOS 400D DIGITAL,0.0015625,5.0,Shutter speed priority AE,100.0,Multi-segment,"Off, Did not fire",85.0,sRGB,EF70-300mm f/4-5.6 IS USM,,,,,
52684348076,2998.0,clouds,Canon,Canon EOS Rebel T6i,0.000625,5.0,Action (High speed),500.0,Multi-segment,"Off, Did not fire",150.0,Uncalibrated,150-600mm F5-6.3 DG OS HSM | Contemporary 015,-54.785344,-68.41504,Departamento de Ushuaia,Tierra del Fuego,Argentina
52774757835,2993.0,clouds,Canon,Canon EOS 5D Mark II,0.0008,11.0,Aperture-priority AE,200.0,Multi-segment,"Off, Did not fire",105.0,sRGB,EF24-105mm f/4L IS USM,,,,,
52748109685,2971.0,clouds,NIKON CORPORATION,NIKON D810,0.8,16.0,Manual,64.0,Multi-segment,"Off, Did not fire",16.0,Uncalibrated,16.0-35.0 mm f/4.0,43.574218,-6.04482,Asturias,Asturias,Spain
52713526178,2963.0,clouds,NIKON CORPORATION,NIKON Z 6,0.005,22.0,Aperture-priority AE,250.0,Multi-segment,No Flash,26.0,sRGB,NIKKOR Z 14-30mm f/4 S,,,,,
52786671889,2962.0,clouds,Apple,iPhone 12 Pro,0.0017094017094017,2.4,Program AE,25.0,Multi-segment,"Off, Did not fire",1.5,Uncalibrated,iPhone 12 Pro back triple camera 1.54mm f/2.4,51.506013,-0.173498,Greater London,England,UK
52688612765,2937.0,clouds,Canon,Canon EOS 400D DIGITAL,0.0025,9.0,Shutter speed priority AE,100.0,Multi-segment,"Off, Did not fire",24.0,sRGB,EF-S17-85mm f/4-5.6 IS USM,,,,,
52753038058,2937.0,clouds,samsung,SM-A525F,0.0059523809523809,1.8,Program AE,40.0,Center-weighted average,No Flash,5.2,sRGB,iPhone 12 Pro back triple camera 1.54mm f/2.4,42.137802,19.051417,Greater London,Bar,Montenegro
52668750600,2921.0,clouds,NIKON CORPORATION,NIKON D5600,0.0025,9.0,Shutter speed priority AE,100.0,Multi-segment,"Off, Did not fire",24.0,sRGB,EF-S17-85mm f/4-5.6 IS USM,46.956261,103.728515,Bürd,Övörhangay,Mongolia
52681237382,2914.0,clouds,Canon,Canon EOS-1Ds Mark III,0.01,5.6,Manual,200.0,Multi-segment,No Flash,70.0,sRGB,EF70-200mm f/2.8L IS II USM,,,,,
52737998434,2858.0,clouds,Canon,Canon EOS 400D DIGITAL,0.00625,11.0,Shutter speed priority AE,200.0,Multi-segment,"Off, Did not fire",17.0,sRGB,EF-S17-85mm f/4-5.6 IS USM,,,,,
52800807217,2857.0,clouds,OLYMPUS CORPORATION,E-M5MarkIII,0.008,5.0,Aperture-priority AE,800.0,Multi-segment,"Off, Did not fire",12.0,sRGB,OLYMPUS M.12-40mm F2.8,,,,,
52668609155,2851.0,clouds,FUJIFILM,GFX100S,0.0018181818181818,7.1,Aperture-priority AE,100.0,Multi-segment,No Flash,45.0,sRGB,GF45-100mmF4 R LM OIS WR,47.137844,7.213311,Biel/Bienne District,Bern,Switzerland
52785095839,2849.0,clouds,samsung,SM-G991B,0.0018726591760299,1.8,Program AE,50.0,Center-weighted average,No Flash,5.4,sRGB,GF45-100mmF4 R LM OIS WR,52.371927,4.895805,Gemeente Amsterdam,North Holland,Holland
52819774953,2847.0,clouds,,,,,,,,,,,,51.250328,3.278204,West Flanders,Flanders,Belgium
52683606276,2836.0,clouds,Canon,Canon EOS-1D X,0.025,8.0,Manual,200.0,Multi-segment,"Off, Did not fire",18.0,sRGB,Zeiss Distagon T* 3.5/18 ZE,,,,,
52804016441,2824.0,clouds,,,,,,,,,,,,53.71039,-1.625207,Kirklees,England,UK
52685514547,2823.0,clouds,NIKON CORPORATION,NIKON D5500,0.025,8.0,Program AE,100.0,Multi-segment,"Off, Did not fire",18.0,Uncalibrated,Zeiss Distagon T* 3.5/18 ZE,,,,,
52723353609,2820.0,clouds,NIKON CORPORATION,NIKON D610,0.008,8.0,Manual,100.0,Multi-segment,"Off, Did not fire",120.0,Uncalibrated,24.0-120.0 mm f/4.0,,,,,
52792652804,2802.0,clouds,,,,,,,,,,,,53.797959,-1.545254,Leeds,England,UK
52718381491,2768.0,clouds,Apple,iPhone 12 Pro,0.0028328611898017,2.4,Program AE,25.0,Spot,"Off, Did not fire",1.5,Uncalibrated,iPhone 12 Pro back triple camera 1.54mm f/2.4,40.31448,-75.924545,Berks,Pennsylvania,United States
52686735844,2765.0,clouds,NIKON CORPORATION,NIKON D610,0.00625,8.0,Manual,100.0,Multi-segment,"Off, Did not fire",44.0,Uncalibrated,24.0-120.0 mm f/4.0,,,,,
52724295146,2763.0,clouds,NIKON CORPORATION,NIKON D5300,0.0003125,5.0,Aperture-priority AE,400.0,Spot,No Flash,46.0,sRGB,TAMRON 18-400mm F3.5-6.3 Di II VC HLD B028N,33.542238,-117.784704,Orange,California,United States
52778457295,2747.0,clouds,NIKON CORPORATION,NIKON D850,0.005,10.0,Manual,100.0,Multi-segment,No Flash,24.0,sRGB,24.0-70.0 mm f/2.8,52.315195,-1.402816,Warwickshire,England,UK
52808182692,2729.0,clouds,,,,,,,,,,,,,,,,
52784627169,2700.0,clouds,Apple,iPhone 12 Pro,0.0021052631578947,2.4,Program AE,32.0,Spot,"Off, Did not fire",1.5,Uncalibrated,iPhone 12 Pro back triple camera 1.54mm f/2.4,51.505793,-0.172661,Greater London,England,UK
52692959473,2676.0,clouds,Canon,Canon EOS-1Ds Mark III,0.04,8.0,Manual,400.0,Multi-segment,No Flash,180.0,sRGB,EF180mm f/3.5L Macro USM,,,,,
52741663667,2661.0,clouds,,,,,,,,,,,,53.793726,-1.669559,Leeds,England,UK
52744487704,2653.0,clouds,Canon,Canon EOS 400D DIGITAL,0.005,11.0,Shutter speed priority AE,100.0,Partial,"Off, Did not fire",20.0,sRGB,EF180mm f/3.5L Macro USM,,,,,
52665952392,2651.0,clouds,Apple,iPhone 13 Pro Max,0.0158730158730158,1.8,Program AE,250.0,Spot,"Off, Did not fire",1.6,sRGB,iPhone 13 Pro Max back triple camera 1.57mm f/1.8,,,,,
52716652480,2650.0,clouds,Canon,Canon EOS 5DS R,0.005,11.0,Manual,200.0,Multi-segment,"Off, Did not fire",24.0,sRGB,EF24-70mm f/2.8L II USM,,,,,
52680673407,2648.0,clouds,FUJIFILM,X-S10,0.002,8.0,Manual,1250.0,Multi-segment,No Flash,23.0,Uncalibrated,Fujifilm Fujinon XF23mmF2 R WR,,,,,
52708091191,2641.0,clouds,samsung,SM-G998U,0.0083333333333333,1.8,Program AE,250.0,Center-weighted average,No Flash,6.7,Uncalibrated,Samsung Galaxy S21 Ultra Rear Main Camera,38.305119,-84.694931,Scott,Kentucky,United States
52765033082,2624.0,clouds,samsung,SM-G998U,0.0083333333333333,1.8,Program AE,250.0,Center-weighted average,No Flash,6.7,Uncalibrated,Samsung Galaxy S21 Ultra Rear Main Camera,39.105803,26.562549,Lesbos,North Aegean,Greece
52680718907,2623.0,clouds,motorola,moto g22,0.0011135857461024,1.8,Not Defined,55.0,Center-weighted average,"Off, Did not fire",4.3,sRGB,Samsung Galaxy S21 Ultra Rear Main Camera,19.347463,-99.186809,Lesbos,Mexico City,Mexico
52755438047,2605.0,clouds,Canon,Canon EOS R6,0.0025,8.0,Manual,100.0,Multi-segment,No Flash,24.0,sRGB,EF11-24mm f/4L USM,-30.302998,153.146708,Coffs Harbour,New South Wales,Australia
52677520848,2599.0,clouds,,,,,,,,,,,,54.06513,-124.833869,Regional District of Bulkley-Nechako,British Columbia,Canada
52762816516,2579.0,clouds,,,,,,,,,,,,32.966619,-117.255706,San Diego,California,United States
52693701292,2576.0,clouds,,,,,,,,,,,,53.795211,-1.536155,Leeds,England,UK
52829603768,2567.0,clouds,NIKON CORPORATION,NIKON D850,0.002,5.6,Aperture-priority AE,100.0,Multi-segment,No Flash,35.0,Uncalibrated,24.0-70.0 mm f/2.8,34.297338,132.318802,Hatsukaichi-shi,Hiroshima,Japan
52680863380,2566.0,clouds,NIKON CORPORATION,NIKON D7100,0.002,8.0,Not Defined,125.0,Multi-segment,"Auto, Did not fire",38.0,sRGB,24.0-70.0 mm f/2.8,48.626679,-2.472953,Côtes-d&#039;Armor,Brittany,France
52797787365,2566.0,clouds,NIKON CORPORATION,NIKON D7100,0.002,8.0,Not Defined,125.0,Multi-segment,"Auto, Did not fire",38.0,Uncalibrated,24.0-70.0 mm f/2.8,38.868716,1.197853,Balearic Islands,Balearic Islands,Spain
52708235825,2536.0,clouds,Canon,Canon EOS 5D Mark IV,0.0025,8.0,Aperture-priority AE,200.0,Multi-segment,"Off, Did not fire",35.0,sRGB,EF24-105mm f/4L IS USM,51.713455,4.082191,Gemeente Goeree-Overflakkee,South Holland,Holland
52806628505,2523.0,clouds,Canon,Canon EOS 5D Mark IV,0.0025,8.0,Aperture-priority AE,200.0,Multi-segment,"Off, Did not fire",35.0,sRGB,EF24-105mm f/4L IS USM,48.233649,16.402587,Vienna,Vienna,Austria
52768032622,2517.0,clouds,SONY,SLT-A99V,63.0,8.0,Manual,100.0,Multi-segment,"Off, Did not fire",40.0,sRGB,----,43.565163,-6.149737,Asturias,Asturias,Spain
52729052137,2516.0,clouds,samsung,SM-G998U,0.0083333333333333,1.8,Program AE,20.0,Center-weighted average,No Flash,6.7,Uncalibrated,Samsung Galaxy S21 Ultra Rear Main Camera,38.241722,-84.550042,Scott,Kentucky,United States
52769959381,2509.0,clouds,FUJIFILM,X-S10,0.00125,7.1,Manual,1250.0,Multi-segment,No Flash,23.0,Uncalibrated,Fujifilm Fujinon XF23mmF2 R WR,,,,,
52719381943,2475.0,clouds,samsung,SM-G991B,0.0003000300030003,1.8,Program AE,50.0,Center-weighted average,No Flash,5.4,sRGB,Fujifilm Fujinon XF23mmF2 R WR,52.112972,-4.68467,Ceredigion,Wales,UK
52690287806,2466.0,clouds,,,,,,,,,,,,53.792742,-1.548106,Leeds,England,UK
52748762209,2446.0,clouds,"RICOH IMAGING COMPANY, LTD.",PENTAX K-3 II,0.1,5.6,Aperture-priority AE,100.0,Multi-segment,"Off, Did not fire",115.0,sRGB,Fujifilm Fujinon XF23mmF2 R WR,42.277011,22.702627,Leeds,Kyustendil,Bulgaria
52688797630,2442.0,clouds,"RICOH IMAGING COMPANY, LTD.",PENTAX K-3 II,0.1,5.6,Aperture-priority AE,100.0,Multi-segment,"Off, Did not fire",115.0,sRGB,Fujifilm Fujinon XF23mmF2 R WR,,,,,
52694691199,2433.0,clouds,samsung,SM-G975F,0.0008620689655172,2.2,Program AE,50.0,Center-weighted average,No Flash,1.8,sRGB,Fujifilm Fujinon XF23mmF2 R WR,35.333592,25.218386,Nomós Irakleíou,Crete,Greece
52765640987,2429.0,clouds,Canon,Canon EOS 6D,0.00025,11.0,Aperture-priority AE,400.0,Center-weighted average,"Off, Did not fire",180.0,sRGB,EF70-200mm f/4L IS USM,63.992751,-16.956367,Nomós Irakleíou,East,Iceland
52709993518,2420.0,clouds,Canon,Canon EOS-1D X,0.25,20.0,Manual,100.0,Multi-segment,"Off, Did not fire",15.0,sRGB,Zeiss Distagon T* 2.8/15 ZE,15.390714,109.100418,Lý Sơn District,Quảng Ngãi Province,Vietnam
52804452241,2419.0,clouds,SONY,ILCE-6600,0.0166666666666666,5.6,Manual,200.0,Multi-segment,"Off, Did not fire",33.0,sRGB,E 18-135mm F3.5-5.6 OSS,,,,,
52682267745,2416.0,clouds,samsung,SM-G975F,0.0037878787878787,2.4,Program AE,50.0,Center-weighted average,No Flash,4.3,sRGB,E 18-135mm F3.5-5.6 OSS,,,,,
52783260269,2416.0,clouds,samsung,SM-G975F,0.0037878787878787,2.4,Program AE,50.0,Center-weighted average,No Flash,4.3,sRGB,E 18-135mm F3.5-5.6 OSS,52.204428,0.113979,Cambridgeshire,England,UK
52775813763,2411.0,clouds,OLYMPUS CORPORATION,E-M10MarkIV,0.0004,4.0,Aperture-priority AE,200.0,Multi-segment,Unknown (0x48),45.0,sRGB,OLYMPUS M.45mm F1.8,47.649452,9.48119,Tübingen,Baden-Württemberg,Germany
52718047014,2407.0,clouds,,,,,,,,,,,,40.719371,-74.000281,Tübingen,New York,United States
52820867699,2394.0,clouds,samsung,SM-G975F,0.000309405940594,2.4,Program AE,50.0,Center-weighted average,No Flash,4.3,sRGB,OLYMPUS M.45mm F1.8,35.334948,25.274902,Nomós Irakleíou,Crete,Greece
52799863168,2393.0,clouds,OLYMPUS CORPORATION,E-M10MarkII,0.3,8.0,Manual,100.0,Center-weighted average,"On, Did not fire",12.0,sRGB,OLYMPUS M.12-40mm F2.8,51.322407,21.95137,Powiat puławski,Lublin,Poland
52823442873,2384.0,clouds,Canon,Canon EOS-1Ds Mark III,0.004,11.0,Manual,200.0,Multi-segment,No Flash,50.0,sRGB,EF24-70mm f/2.8L II USM,22.615536,105.863034,Powiat puławski,Tỉnh Cao Bằng,Vietnam
52777015285,2380.0,clouds,Canon,Canon EOS 5D Mark IV,0.02,7.1,Aperture-priority AE,200.0,Multi-segment,"Off, Did not fire",58.0,sRGB,EF24-105mm f/4L IS USM,51.740405,4.058272,Powiat puławski,South Holland,Holland
52750584020,2366.0,clouds,samsung,SM-A525F,0.0004395604395604,1.8,Program AE,40.0,Center-weighted average,No Flash,5.2,sRGB,EF24-105mm f/4L IS USM,42.138312,19.029084,Powiat puławski,Bar,Montenegro
52717713945,2341.0,clouds,Canon,Canon EOS REBEL T3i,13.0,3.5,Manual,100.0,Multi-segment,"Off, Did not fire",18.0,Uncalibrated,TAMRON 18-270mm F/3.5-6.3 DiII VC PZD B008E,40.692423,-99.13138,Buffalo,Nebraska,United States
52789766271,2323.0,clouds,Panasonic,DC-TZ202,0.005,3.3,Program AE,125.0,Multi-segment,"Off, Did not fire",8.8,sRGB,TAMRON 18-270mm F/3.5-6.3 DiII VC PZD B008E,5.999572,80.7507,Hambantota District,Southern Province,Sri Lanka
52679328043,2317.0,clouds,NIKON CORPORATION,NIKON D850,0.0166666666666666,10.0,Aperture-priority AE,900.0,Spot,No Flash,58.0,sRGB,TAMRON SP 24-70mm F/2.8 Di VC USD G2 A032N,38.32373,-84.683647,Scott,Kentucky,United States
52725803183,2309.0,clouds,OLYMPUS CORPORATION,E-M1MarkII,0.0025,6.3,Manual,200.0,Multi-segment,"On, Did not fire",57.0,sRGB,OLYMPUS M.12-100mm F4.0,53.174482,-1.999869,Staffordshire,England,UK
52805479605,2297.0,clouds,NIKON CORPORATION,NIKON D7000,0.000125,9.0,Aperture-priority AE,1000.0,Multi-segment,"On, Did not fire",70.0,Uncalibrated,TAMRON SP 70-300mm F4-5.6 Di VC USD A005N,59.660981,17.393191,Håbo Municipality,Uppsala,Sweden
52816553362,2288.0,clouds,NIKON CORPORATION,NIKON D7000,0.000125,9.0,Aperture-priority AE,1000.0,Multi-segment,"On, Did not fire",70.0,sRGB,TAMRON SP 70-300mm F4-5.6 Di VC USD A005N,,,,,
52764403246,2275.0,clouds,Canon,Canon EOS 6D,0.00025,7.1,Aperture-priority AE,400.0,Center-weighted average,"Off, Did not fire",105.0,sRGB,EF24-105mm f/4L IS USM,64.122592,-19.816246,Håbo Municipality,South,Iceland
52668377721,2265.0,clouds,NIKON CORPORATION,NIKON D90,0.000625,11.0,Aperture-priority AE,200.0,Multi-segment,No Flash,90.0,Uncalibrated,EF24-105mm f/4L IS USM,48.616448,-68.220827,Bas-Saint-Laurent,Quebec,Canada
52716848561,2265.0,clouds,,,,,,,,,,,,53.702846,-1.780776,Calderdale,England,UK
52826946975,2261.0,clouds,Canon,Canon EOS 6D,0.0015625,5.0,Aperture-priority AE,100.0,Multi-segment,"Off, Did not fire",50.0,sRGB,EF50mm f/1.4 USM,27.743043,-15.58063,Las Palmas,Canary Islands,Spain
52811839639,2261.0,clouds,Canon,Canon EOS 6D,0.003125,5.0,Manual,200.0,Multi-segment,"Off, Did not fire",79.0,Uncalibrated,EF70-300mm f/4-5.6 IS II USM,46.538657,11.627204,South Tyrol,Trentino-Alto Adige,Italy
52807891094,2260.0,clouds,NIKON CORPORATION,NIKON D850,0.005,9.0,Manual,64.0,Center-weighted average,No Flash,44.0,sRGB,24.0-120.0 mm f/4.0,42.24496,-83.101136,Las Palmas,Ontario,Canada
52818379706,2247.0,clouds,,,,,,,,,,,,,,,,
52781232166,2246.0,clouds,Canon,Canon EOS 60D,0.0125,9.0,Aperture-priority AE,100.0,Multi-segment,"Off, Did not fire",24.0,sRGB,EF24-105mm f/4L IS USM,,,,,
52675224261,2207.0,clouds,SONY,ILCE-7M4,0.0166666666666666,9.0,Aperture-priority AE,80.0,Center-weighted average,"Off, Did not fire",35.0,Uncalibrated,E 35-150mm F2.0-F2.8 A058,46.496604,11.959862,Province of Belluno,Veneto,Italy
52812971449,2180.0,clouds,SONY,ILCE-7M4,0.0166666666666666,9.0,Aperture-priority AE,80.0,Center-weighted average,"Off, Did not fire",35.0,Uncalibrated,E 35-150mm F2.0-F2.8 A058,59.859359,17.634437,Uppsala Municipality,Uppsala,Sweden
52735528675,2170.0,clouds,SONY,ILCE-7M4,0.0166666666666666,9.0,Aperture-priority AE,80.0,Center-weighted average,"Off, Did not fire",35.0,sRGB,E 35-150mm F2.0-F2.8 A058,,,,,
52767931249,2136.0,clouds,Canon,Canon EOS 5D Mark II,0.008,11.0,Aperture-priority AE,200.0,Multi-segment,"Off, Did not fire",160.0,sRGB,E 35-150mm F2.0-F2.8 A058,20.979392,104.579887,Uppsala Municipality,Tỉnh Sơn La,Vietnam
52681809611,2117.0,clouds,NIKON CORPORATION,NIKON D850,0.0015625,8.0,Manual,400.0,Multi-segment,No Flash,24.0,sRGB,24.0-70.0 mm f/2.8,52.211064,-1.469099,Warwickshire,England,UK
52821133588,2116.0,clouds,Canon,Canon EOS R5,0.01,8.0,Aperture-priority AE,100.0,Partial,No Flash,21.0,Uncalibrated,RF15-35mm F2.8 L IS USM,,,,,
52686622746,2108.0,clouds,NIKON CORPORATION,NIKON D7000,0.0025,11.0,Not Defined,200.0,Multi-segment,"Off, Did not fire",18.0,sRGB,18-300mm f/3.5-6.3,48.029402,7.032966,Warwickshire,Grand Est,France
52794928702,2106.0,clouds,SONY,ILCE-7RM2,0.004,8.0,Manual,100.0,Spot,"Off, Did not fire",27.0,sRGB,FE 16-35mm F4 ZA OSS,47.429433,9.102797,Wahlkreis Wil,Saint Gall,Switzerland
52717182046,2103.0,clouds,SONY,ILCE-6000,0.0025,4.5,Shutter speed priority AE,100.0,Multi-segment,"Off, Did not fire",55.0,sRGB,E 55-210mm F4.5-6.3 OSS,,,,,
52677381364,2089.0,clouds,,,,,,,,,,,,,,,,
52810762167,2042.0,clouds,samsung,SM-G975F,0.0004646840148698,2.4,Program AE,50.0,Center-weighted average,No Flash,4.3,sRGB,E 55-210mm F4.5-6.3 OSS,35.191141,25.718646,Lasithi,Crete,Greece
52680419614,2036.0,clouds,SONY,DSC-RX100M7,0.0005,2.8,Shutter speed priority AE,100.0,Multi-segment,"Off, Did not fire",9.0,sRGB,24-200mm F2.8-4.5,32.85185,-96.864337,Dallas,Texas,United States
52695984178,2032.0,clouds,Canon,Canon EOS 5D Mark III,0.0666666666666666,20.0,Manual,100.0,Spot,"Off, Did not fire",20.0,sRGB,24-200mm F2.8-4.5,,,,,
52712168630,2030.0,clouds,,,,,,,,,,,,,,,,
52763536381,2026.0,clouds,OLYMPUS IMAGING CORP.,E-M5MarkII,0.004,5.4,Program AE,2000.0,Multi-segment,"Auto, Did not fire",128.0,sRGB,OLYMPUS M.40-150mm F4.0-5.6 R,,,,,
52681280697,2023.0,clouds,,,,,,,,,,,,,,,,
52720649661,2013.0,clouds,NIKON CORPORATION,NIKON D810,0.025,20.0,Manual,64.0,Center-weighted average,"Off, Did not fire",28.0,Uncalibrated,28.0-300.0 mm f/3.5-5.6,,,,,
52718186098,2012.0,clouds,Canon,Canon EOS R6,0.008,8.0,Aperture-priority AE,100.0,Multi-segment,No Flash,24.0,sRGB,EF24-105mm f/4L IS USM,,,,,
52709693462,1953.0,clouds,,,,,,,,,,,,,,,,
52732771768,1947.0,clouds,Canon,Canon EOS R6,0.008,8.0,Aperture-priority AE,100.0,Multi-segment,No Flash,24.0,sRGB,EF24-105mm f/4L IS USM,,,,,
52681195207,1931.0,clouds,,,,,,,,,,,,,,,,
52723177406,1925.0,clouds,SONY,DSC-H400,0.00125,3.4,Program AE,100.0,Multi-spot,No Flash,4.4,sRGB,EF24-105mm f/4L IS USM,46.83519,-72.329404,Mauricie,Quebec,Canada
52710341435,1918.0,clouds,NIKON CORPORATION,NIKON D3500,0.004,8.0,Not Defined,110.0,Multi-segment,"Off, Did not fire",48.0,sRGB,EF24-105mm f/4L IS USM,,,,,
52694485866,1912.0,clouds,Canon,Canon EOS 650D,0.005,8.0,Program AE,100.0,Multi-segment,No Flash,18.0,Uncalibrated,EF-S18-55mm f/3.5-5.6 IS II,,,,,
52685681983,1909.0,clouds,NIKON CORPORATION,NIKON Z 9,0.004,13.0,Aperture-priority AE,250.0,Multi-segment,No Flash,50.0,sRGB,VR 24-70mm f/2.8E,44.510526,-80.222792,Mauricie,Ontario,Canada
52805625827,1904.0,clouds,Canon,Canon EOS 5D Mark II,0.00625,11.0,Manual,200.0,Multi-segment,"Off, Did not fire",55.0,sRGB,EF24-105mm f/4L IS USM,,,,,
52680844851,1890.0,clouds,Canon,Canon EOS 77D,0.00625,9.0,Aperture-priority AE,100.0,Center-weighted average,"Off, Did not fire",10.0,Uncalibrated,EF-S10-18mm f/4.5-5.6 IS STM,45.078286,14.672316,Vrbnik,Primorsko-Goranska Županija,Croatia
52749223557,1887.0,clouds,Canon,Canon EOS 700D,0.0015625,8.0,Manual,200.0,Partial,"Off, Did not fire",28.0,sRGB,TAMRON SP 28-75mm F/2.8 Di A09E,,,,,
52667455257,1881.0,clouds,,,,,,,,,,,,,,,,
52679028256,1872.0,clouds,NIKON CORPORATION,NIKON D850,0.00625,16.0,Aperture-priority AE,400.0,Center-weighted average,No Flash,20.0,Uncalibrated,20.0 mm f/1.8,32.814338,-106.267082,Otero,New Mexico,United States
52679265823,1819.0,clouds,Canon,Canon EOS 5D Mark III,6.0,16.0,Aperture-priority AE,50.0,Multi-segment,"Off, Did not fire",32.0,sRGB,EF24-105mm f/4L IS USM,59.327574,18.055129,Stockholm Municipality,Stockholm,Sweden
52730825092,1811.0,clouds,,,,,,,,,,,,,,,,
52667423343,1795.0,clouds,NIKON CORPORATION,NIKON Z 6,0.1666666666666666,8.0,Manual,100.0,Multi-segment,No Flash,70.0,sRGB,NIKKOR Z 24-70mm f/4 S,24.158152,-110.320209,La Paz,Baja California Sur,Mexico
52682849362,1765.0,clouds,NIKON CORPORATION,NIKON D5500,0.0015625,11.0,Manual,250.0,Multi-segment,"Off, Did not fire",52.0,Uncalibrated,18.0-140.0 mm f/3.5-5.6,,,,,
52819426223,1757.0,clouds,Apple,iPhone 14 Pro Max,0.0002690341673392,1.8,Program AE,80.0,Multi-segment,"Off, Did not fire",6.9,Uncalibrated,iPhone 14 Pro Max back triple camera 6.86mm f/1.78,53.689852,-2.223228,Lancashire,England,UK
52682389959,1742.0,clouds,SONY,ILCE-7RM4,1.0,13.0,Manual,3200.0,Multi-segment,"Off, Did not fire",16.0,sRGB,FE 16-35mm F4 ZA OSS,,,,,
52819124183,1735.0,clouds,,,,,,,,,,,,53.79831,-1.540364,Leeds,England,UK
52680796384,1721.0,clouds,Canon,Canon EOS 650D,0.005,8.0,Program AE,100.0,Multi-segment,No Flash,18.0,Uncalibrated,EF-S18-55mm f/3.5-5.6 IS II,,,,,
52678264116,1716.0,clouds,,,,,,,,,,,,,,,,
52674448357,1701.0,clouds,NIKON CORPORATION,NIKON D4,0.004,11.0,Aperture-priority AE,100.0,Center-weighted average,No Flash,145.0,Uncalibrated,70.0-300.0 mm f/4.5-5.6,45.944159,6.61717,Haute-Savoie,Auvergne-Rhône-Alpes,France
52759455868,1672.0,clouds,,,,,,,,,,,,,,,,
52720228268,1672.0,clouds,,,,,,,,,,,,53.112527,8.744141,Haute-Savoie,Lower Saxony,Germany
52694897465,1663.0,clouds,Canon,Canon EOS 400D DIGITAL,0.00025,10.0,Aperture-priority AE,1600.0,Average,"Off, Did not fire",50.0,Uncalibrated,70.0-300.0 mm f/4.5-5.6,,,,,
52690880340,1642.0,clouds,,,,,,,,,,,,,,,,
52722773807,1626.0,clouds,Canon,Canon EOS REBEL T3i,30.0,3.5,Manual,100.0,Multi-segment,"Off, Did not fire",18.0,Uncalibrated,TAMRON 18-270mm F/3.5-6.3 DiII VC PZD B008E,40.692423,-99.13138,Buffalo,Nebraska,United States
52716591820,1620.0,clouds,SONY,ILCE-6600,0.01,0.0,Manual,400.0,Multi-segment,"Off, Did not fire",0.0,sRGB,----,,,,,
52790983447,1593.0,clouds,NIKON CORPORATION,NIKON D850,0.005,6.3,Manual,200.0,Multi-segment,No Flash,24.0,Uncalibrated,Nikon AF-S NIKKOR 24-120mm f/4G ED VR,-40.749118,145.293481,Circular Head Council,Tasmania,Australia
52734714898,1541.0,clouds,,,,,,,,,,,,46.308352,9.925619,Province of Sondrio,Lombardy,Italy
52737895189,1434.0,clouds,,,,,,,,,,,,,,,,
52684340229,1424.0,clouds,Canon,Canon EOS 77D,0.0125,11.0,Manual,100.0,Multi-segment,"Off, Did not fire",26.0,sRGB,EF-S18-55mm f/4-5.6 IS STM,50.988212,-1.083751,Hampshire,England,UK
52712152691,1348.0,clouds,,,,,,,,,,,,,,,,
52671540653,1345.0,clouds,Canon,Canon EOS Rebel T1i,0.0003624501631025,2.2,Manual,200.0,Multi-spot,"On, Return detected",45.0,sRGB,EF-S 18-135mm f/3.5-5.6 IS USM,41.327545,-71.90556,New London,Connecticut,United States
52716396490,1332.0,clouds,NIKON CORPORATION,NIKON D850,0.0125,11.0,Manual,200.0,Multi-segment,No Flash,35.0,Uncalibrated,16.0-35.0 mm f/4.0,38.176379,16.025443,Provincia di Reggio Calabria,Calabria,Italy
52759826620,1329.0,clouds,samsung,SM-G998U,0.0016556291390728,1.8,Program AE,16.0,Center-weighted average,No Flash,6.7,sRGB,Samsung Galaxy S21 Ultra Rear Main Camera,38.117086,-84.578889,Fayette,Kentucky,United States
52842154950,1296.0,clouds,Canon,Canon EOS 400D DIGITAL,0.002,7.1,Shutter speed priority AE,100.0,Multi-segment,"Off, Did not fire",26.0,sRGB,EF-S17-85mm f/4-5.6 IS USM,,,,,
52788305268,1275.0,clouds,,,,,,,,,,,,,,,,
52717920118,1258.0,clouds,NIKON CORPORATION,NIKON D5300,0.0008,4.5,Not Defined,400.0,Multi-segment,"Off, Did not fire",18.0,sRGB,EF-S17-85mm f/4-5.6 IS USM,52.711417,-1.164582,Leicestershire,England,UK
52831670228,1162.0,clouds,,,,,,,,,,,,,,,,
52774648176,1142.0,clouds,OM Digital Solutions,OM-1,0.0166666666666666,8.0,Aperture-priority AE,640.0,Multi-segment,"On, Did not fire",12.0,sRGB,OLYMPUS M.12-40mm F2.8,,,,,
52777311841,1116.0,clouds,FUJIFILM,X-T20,0.0035714285714285,8.0,Aperture-priority AE,200.0,Multi-segment,"On, Did not fire",50.5,Uncalibrated,Fujifilm Fujinon XF18-55mmF2.8-4 R LM OIS,,,,,
52694849483,1114.0,clouds,NIKON CORPORATION,NIKON Z 6,0.0015625,5.0,Shutter speed priority AE,100.0,Multi-segment,No Flash,70.0,sRGB,NIKKOR Z 24-70mm f/4 S,53.864536,-1.902995,Bradford,England,UK
52720036039,1105.0,clouds,,,,,,,,,,,,,,,,
52822918435,1071.0,clouds,NIKON CORPORATION,NIKON D7100,0.00625,11.0,Aperture-priority AE,250.0,Multi-segment,"Off, Did not fire",12.0,Uncalibrated,NIKKOR Z 24-70mm f/4 S,,,,,
52731894733,1058.0,clouds,NIKON CORPORATION,NIKON D750,1.0,11.0,Manual,64.0,Center-weighted average,"Off, Did not fire",19.0,sRGB,18.0-35.0 mm f/3.5-4.5,50.547321,-3.49127,Devon,England,UK
52688657420,1004.0,clouds,Canon,Canon EOS 5D Mark IV,0.0008,4.0,Manual,100.0,Multi-segment,"Off, Did not fire",78.0,sRGB,EF24-105mm f/4L IS II USM,,,,,
52777583862,999.0,clouds,NIKON CORPORATION,NIKON D750,0.02,8.0,Aperture-priority AE,80.0,Spot,"Off, Did not fire",24.0,sRGB,24.0-120.0 mm f/4.0,,,,,
52710624588,974.0,clouds,Apple,iPhone 11 Pro,0.0081967213114754,2.0,Program AE,50.0,Spot,"Off, Did not fire",6.0,sRGB,iPhone 11 Pro back triple camera 6mm f/2,39.362991,-76.690759,Baltimore,Maryland,United States
52749080812,964.0,clouds,SONY,ILCE-7M4,0.008,9.0,Aperture-priority AE,100.0,Multi-segment,"Off, Did not fire",19.1,sRGB,16-28mm F2.8 DG DN | Contemporary 022,51.275769,1.342434,Kent,England,UK
52733269855,962.0,clouds,SONY,MS Scanner,0.008,9.0,Aperture-priority AE,100.0,Multi-segment,"Off, Did not fire",19.1,Uncalibrated,16-28mm F2.8 DG DN | Contemporary 022,,,,,
52723225985,952.0,clouds,Apple,iPhone XS,0.0003430531732418,1.8,Program AE,25.0,Multi-segment,"Off, Did not fire",4.2,Uncalibrated,iPhone XS back dual camera 4.25mm f/1.8,,,,,
52681590171,881.0,clouds,Canon,Canon EOS Kiss X10,0.004,8.0,Program AE,100.0,Multi-segment,No Flash,18.0,sRGB,EF-S18-55mm f/4-5.6 IS STM,,,,,
52823950129,870.0,clouds,Apple,iPhone 11,0.0002430133657351,1.8,Program AE,32.0,Multi-segment,"Off, Did not fire",4.2,Uncalibrated,iPhone 11 back dual wide camera 4.25mm f/1.8,51.97625,5.943022,Gemeente Arnhem,Provincie Gelderland,Holland
52816038268,846.0,clouds,,,,,,,,,,,,,,,,
52817432272,825.0,clouds,Canon,Canon EOS RP,0.003125,6.3,Program AE,125.0,Multi-segment,No Flash,113.0,sRGB,RF24-240mm F4-6.3 IS USM,26.052464,-79.625473,Gemeente Arnhem,Bimini,Bahamas
52738855436,802.0,clouds,Canon,Canon EOS RP,0.003125,6.3,Program AE,125.0,Multi-segment,No Flash,113.0,sRGB,RF24-240mm F4-6.3 IS USM,,,,,
52679923248,786.0,clouds,SONY,DSC-HX9V,0.001,8.0,Program AE,400.0,Center-weighted average,"Off, Did not fire",4.3,sRGB,RF24-240mm F4-6.3 IS USM,,,,,
52764529557,754.0,clouds,SONY,DSC-HX9V,0.0015625,9.0,Program AE,400.0,Center-weighted average,"Auto, Did not fire",8.0,sRGB,RF24-240mm F4-6.3 IS USM,,,,,
52821835489,658.0,clouds,Apple,iPhone 12 Pro Max,0.0012106537530266,2.4,Program AE,25.0,Multi-segment,"Off, Did not fire",1.5,Uncalibrated,iPhone 12 Pro Max back triple camera 1.54mm f/2.4,36.061755,-112.10772,Coconino,Arizona,United States
52782690564,654.0,clouds,Apple,iPhone 12 Pro Max,0.0012106537530266,2.4,Program AE,25.0,Multi-segment,"Off, Did not fire",1.5,Uncalibrated,iPhone 12 Pro Max back triple camera 1.54mm f/2.4,,,,,
52819279100,646.0,clouds,Apple,iPhone 12 Pro,0.0121951219512195,1.6,Program AE,125.0,Multi-segment,"Off, Did not fire",4.2,sRGB,iPhone 12 Pro back triple camera 4.2mm f/1.6,,,,,
52746863562,631.0,clouds,NIKON CORPORATION,NIKON Z 9,0.0125,8.0,Manual,160.0,Multi-segment,No Flash,36.0,Uncalibrated,NIKKOR Z 24-120mm f/4 S,37.826497,-114.413778,Lincoln,Nevada,United States
52738690858,622.0,clouds,LEICA,D-LUX (Typ 109),0.005,5.6,Aperture-priority AE,200.0,Multi-segment,"Off, Did not fire",34.0,Uncalibrated,-- mm f/--,45.357875,7.337722,Turin,Piedmont,Italy
52769999984,590.0,clouds,Canon,Canon EOS R,0.004,11.0,Aperture-priority AE,100.0,Multi-segment,No Flash,26.0,sRGB,RF15-35mm F2.8 L IS USM,67.782711,24.883432,Tunturi-Lappi,Lapland,Finland
52815375171,559.0,clouds,Canon,Canon EOS 60D,0.004,8.0,Program AE,400.0,Multi-segment,"On, Fired",187.0,sRGB,EF-S18-200mm f/3.5-5.6 IS,,,,,
52717528314,541.0,clouds,samsung,SM-A135F,0.0023529411764705,1.8,Program AE,40.0,Center-weighted average,No Flash,4.0,sRGB,EF-S18-200mm f/3.5-5.6 IS,37.82405,-25.462181,Ribeira Grande Municipality,Azores,Portugal
52682583936,528.0,clouds,,,,,,,,,,,,,,,,
52834480604,501.0,clouds,Apple,iPhone XS,0.000195007800312,1.8,Program AE,25.0,Multi-segment,"Off, Did not fire",4.2,Uncalibrated,iPhone XS back dual camera 4.25mm f/1.8,,,,,
52738327029,489.0,clouds,Panasonic,DMC-TZ70,0.00125,3.3,Landscape,160.0,Multi-segment,"Off, Did not fire",4.3,sRGB,iPhone XS back dual camera 4.25mm f/1.8,41.770111,-88.157558,DuPage,Illinois,United States
52683865998,450.0,clouds,NIKON CORPORATION,NIKON D7000,0.00625,9.0,Aperture-priority AE,250.0,Multi-segment,"Off, Did not fire",35.0,sRGB,iPhone XS back dual camera 4.25mm f/1.8,-23.766759,-45.745596,São Sebastião,São Paulo,Brazil
52679240030,408.0,clouds,,,,,,,,,,,,,,,,
52731297862,400.0,clouds,NIKON CORPORATION,NIKON D7000,0.00625,9.0,Aperture-priority AE,250.0,Multi-segment,"Off, Did not fire",35.0,sRGB,iPhone XS back dual camera 4.25mm f/1.8,52.913819,-4.097945,Gwynedd,Wales,UK
52833241987,386.0,clouds,NIKON CORPORATION,NIKON D7100,0.00625,9.0,Aperture-priority AE,250.0,Multi-segment,"Off, Did not fire",35.0,sRGB,18.0-300.0 mm f/3.5-6.3,,,,,
52828416317,363.0,clouds,Hasselblad,L2D-20c,0.8,11.0,Manual,100.0,Average,No Flash,12.3,sRGB,24.0 mm f/2.8,-33.470212,151.438038,Central Coast,New South Wales,Australia
52684617365,358.0,clouds,NIKON CORPORATION,NIKON D850,0.004,8.0,Manual,90.0,Multi-segment,No Flash,58.0,Uncalibrated,24.0-70.0 mm f/2.8,57.586926,-6.410522,Highland,Scotland,UK
52822987700,358.0,clouds,Canon,Canon EOS 70D,0.002,10.0,Landscape,100.0,Multi-segment,"Off, Did not fire",122.0,sRGB,EF-S18-135mm f/3.5-5.6 IS STM,64.863287,-21.432309,Highland,West,Iceland
52818673551,342.0,clouds,NIKON CORPORATION,NIKON Z 6,0.004,10.0,Aperture-priority AE,100.0,Multi-segment,No Flash,60.0,Uncalibrated,NIKKOR Z 24-70mm f/4 S,,,,,
52821473395,340.0,clouds,,,,,,,,,,,,,,,,
52768120379,339.0,clouds,NIKON CORPORATION,NIKON D5300,0.002,11.0,Not Defined,250.0,Multi-segment,"Off, Did not fire",40.0,sRGB,NIKKOR Z 24-70mm f/4 S,,,,,
52828023255,339.0,clouds,NIKON CORPORATION,NIKON D5300,0.002,11.0,Not Defined,250.0,Multi-segment,"Off, Did not fire",40.0,sRGB,NIKKOR Z 24-70mm f/4 S,51.948298,1.307244,Essex,England,UK
52683728619,332.0,clouds,Hasselblad,L2D-20c,1.0,2.8,Manual,200.0,Average,No Flash,12.3,sRGB,24.0 mm f/2.8,-33.43047,151.447955,Central Coast,New South Wales,Australia
52735295941,311.0,clouds,NIKON CORPORATION,NIKON D850,0.004,8.0,Aperture-priority AE,64.0,Multi-segment,No Flash,28.0,sRGB,28.0-300.0 mm f/3.5-5.6,37.012894,-89.185156,Alexander,Illinois,United States
52740103610,262.0,clouds,Hasselblad,L2D-20c,0.0125,2.8,Manual,120.0,Average,No Flash,12.3,sRGB,24.0 mm f/2.8,-33.442125,151.442547,Central Coast,New South Wales,Australia
52823453487,253.0,clouds,Hasselblad,L2D-20c,0.125,11.0,Manual,100.0,Average,No Flash,12.3,sRGB,24.0 mm f/2.8,-33.457642,151.441655,Central Coast,New South Wales,Australia
52833592647,252.0,clouds,Hasselblad,L2D-20c,0.0769230769230769,11.0,Manual,430.0,Average,No Flash,12.3,sRGB,24.0 mm f/2.8,-33.533275,151.359219,Central Coast,New South Wales,Australia
52762602900,246.0,clouds,NIKON,COOLPIX P500,0.001,4.0,Program AE,160.0,Multi-segment,"Off, Did not fire",4.0,sRGB,24.0 mm f/2.8,55.184209,-6.718997,Causeway Coast and Glens,N Ireland,UK
52838589279,245.0,clouds,Canon,Canon EOS 90D,0.0005,8.0,Manual,500.0,Multi-segment,No Flash,18.0,sRGB,EF-S18-55mm f/3.5-5.6 IS STM,,,,,
52669265661,241.0,clouds,Hasselblad,L2D-20c,0.0666666666666666,8.0,Manual,100.0,Average,No Flash,12.3,sRGB,24.0 mm f/2.8,-33.492875,151.331699,Central Coast,New South Wales,Australia
52831875222,186.0,clouds,SONY,ILCE-7RM4,0.003125,5.0,Manual,200.0,Multi-segment,"Off, Did not fire",139.0,sRGB,FE 100-400mm F4.5-5.6 GM OSS,,,,,
52722983437,160.0,clouds,Canon,Canon EOS 5D Mark IV,0.00125,11.0,Aperture-priority AE,250.0,Multi-segment,"Off, Did not fire",100.0,sRGB,EF70-200mm f/2.8L IS II USM,52.582758,-2.489615,Shropshire,England,UK
52739475353,152.0,clouds,samsung,SM-G998U,0.0018691588785046,1.8,Program AE,16.0,Center-weighted average,No Flash,6.7,sRGB,EF70-200mm f/2.8L IS II USM,47.500525,-122.930776,Kitsap,Washington,United States
52684494333,131.0,clouds,Canon,Canon EOS 50D,0.025,9.0,Manual,100.0,Multi-segment,"Off, Did not fire",55.0,sRGB,EF-S18-55mm f/3.5-5.6,,,,,
52804330163,121.0,clouds,SONY,SLT-A57,0.00625,4.0,Manual,125.0,Multi-segment,"Off, Did not fire",18.0,Adobe RGB,Tamron 18-270mm F3.5-6.3 Di II PZD,52.680797,-2.683715,Shropshire,England,UK
52681472434,92.0,clouds,SONY,ILCE-7M4,0.01,10.0,Manual,100.0,Multi-segment,"Off, Did not fire",70.0,sRGB,FE 28-70mm F3.5-5.6 OSS,,,,,
52750233758,89.0,clouds,SONY,ILCE-7M4,0.01,10.0,Manual,100.0,Multi-segment,"Off, Did not fire",70.0,sRGB,FE 28-70mm F3.5-5.6 OSS,,,,,
52675296917,57.0,clouds,Apple,iPhone 8,0.0004370629370629,1.8,Program AE,20.0,Multi-segment,"Off, Did not fire",4.0,Uncalibrated,iPhone 8 back camera 3.99mm f/1.8,42.837616,-70.9897,Essex,Massachusetts,United States
52825480557,56.0,clouds,Apple,iPhone 8,0.0004370629370629,1.8,Program AE,20.0,Multi-segment,"Off, Did not fire",4.0,Uncalibrated,iPhone 8 back camera 3.99mm f/1.8,,,,,
52780914555,29.0,clouds,NIKON CORPORATION,NIKON D810,0.0015625,9.0,Aperture-priority AE,64.0,Center-weighted average,"Off, Did not fire",14.0,Uncalibrated,14 mm f/2.8,46.44945,12.825622,Provincia di Udine,Friuli Venezia Giulia,Italy
